time,temperature_2m (Â°C),relative_humidity_2m (%),rain (mm),weather_code (wmo code)
2024-11-22T00:00,-1.5,85,0.00,71
2024-11-22T01:00,-1.4,83,0.00,3
2024-11-22T02:00,-1.5,86,0.00,3
2024-11-22T03:00,-1.5,89,0.00,71
2024-11-22T04:00,-1.2,89,0.00,77
2024-11-22T05:00,-1.0,89,0.00,3
2024-11-22T06:00,-1.0,90,0.00,71
2024-11-22T07:00,-0.8,82,0.00,71
2024-11-22T08:00,-1.0,80,0.00,2
2024-11-22T09:00,-1.1,82,0.00,85
2024-11-22T10:00,-0.7,85,0.00,85
2024-11-22T11:00,-0.2,83,0.00,85
2024-11-22T12:00,0.3,81,0.00,85
2024-11-22T13:00,0.9,77,0.00,2
2024-11-22T14:00,1.3,72,0.00,3
2024-11-22T15:00,0.9,76,0.00,2
2024-11-22T16:00,0.6,77,0.00,2
2024-11-22T17:00,0.6,79,0.00,3
2024-11-22T18:00,0.9,80,0.00,3
2024-11-22T19:00,0.7,86,0.00,71
2024-11-22T20:00,0.8,86,0.10,71
2024-11-22T21:00,0.8,90,0.20,71
2024-11-22T22:00,1.4,89,0.20,61
2024-11-22T23:00,0.2,77,0.00,1
2024-11-23T00:00,0.0,87,0.00,2
2024-11-23T01:00,0.1,88,0.00,2
2024-11-23T02:00,0.1,90,0.00,2
2024-11-23T03:00,0.1,89,0.00,1
2024-11-23T04:00,0.1,86,0.00,1
2024-11-23T05:00,0.1,85,0.00,2
2024-11-23T06:00,0.2,85,0.00,3
2024-11-23T07:00,0.2,86,0.00,2
2024-11-23T08:00,0.5,86,0.00,3
2024-11-23T09:00,0.8,87,0.00,2
2024-11-23T10:00,1.6,83,0.00,2
2024-11-23T11:00,2.1,77,0.00,2
2024-11-23T12:00,2.5,75,0.00,3
2024-11-23T13:00,2.8,71,0.00,3
2024-11-23T14:00,3.4,66,0.00,3
2024-11-23T15:00,3.0,72,0.00,3
2024-11-23T16:00,2.6,78,0.00,3
2024-11-23T17:00,2.5,81,0.00,3
2024-11-23T18:00,2.3,82,0.00,3
2024-11-23T19:00,2.5,78,0.00,3
2024-11-23T20:00,2.4,74,0.00,3
2024-11-23T21:00,2.7,67,0.00,3
2024-11-23T22:00,3.2,66,0.00,3
2024-11-23T23:00,3.3,68,0.20,61
2024-11-24T00:00,3.6,70,1.00,61
2024-11-24T01:00,4.1,71,0.30,61
2024-11-24T02:00,4.9,68,0.00,3
2024-11-24T03:00,5.8,68,0.00,3
2024-11-24T04:00,6.2,75,0.30,61
2024-11-24T05:00,6.5,79,0.40,61
2024-11-24T06:00,7.4,78,0.20,61
2024-11-24T07:00,7.7,78,0.10,61
2024-11-24T08:00,7.9,78,0.10,61
2024-11-24T09:00,8.3,78,0.10,61
2024-11-24T10:00,9.2,75,0.00,3
2024-11-24T11:00,9.9,75,0.00,3
2024-11-24T12:00,10.6,73,0.00,3
2024-11-24T13:00,12.0,68,0.00,3
2024-11-24T14:00,12.2,69,0.00,3
2024-11-24T15:00,12.5,69,0.00,2
2024-11-24T16:00,13.0,67,0.00,3
2024-11-24T17:00,12.3,69,0.00,3
2024-11-24T18:00,11.7,69,0.00,3
2024-11-24T19:00,9.4,82,0.00,3
2024-11-24T20:00,9.1,81,0.00,3
2024-11-24T21:00,9.1,80,0.00,3
2024-11-24T22:00,10.2,73,0.00,3
2024-11-24T23:00,8.6,80,0.00,2
2024-11-25T00:00,7.6,83,0.00,3
2024-11-25T01:00,8.8,77,0.00,3
2024-11-25T02:00,7.4,82,0.00,2
2024-11-25T03:00,8.1,78,0.00,2
2024-11-25T04:00,7.9,78,0.00,2
2024-11-25T05:00,7.8,78,0.00,2
2024-11-25T06:00,8.1,77,0.00,2
2024-11-25T07:00,8.1,76,0.00,3
2024-11-25T08:00,8.3,75,0.00,3
2024-11-25T09:00,8.4,75,0.00,3
2024-11-25T10:00,10.2,67,0.00,3
2024-11-25T11:00,10.7,67,0.00,3
2024-11-25T12:00,12.8,56,0.00,3
2024-11-25T13:00,13.4,56,0.00,3
2024-11-25T14:00,13.6,55,0.00,3
2024-11-25T15:00,13.1,55,0.00,3
2024-11-25T16:00,12.9,56,0.00,3
2024-11-25T17:00,12.2,61,0.00,80
2024-11-25T18:00,12.0,60,0.00,3
2024-11-25T19:00,12.2,59,0.00,3
2024-11-25T20:00,11.8,64,0.10,61
2024-11-25T21:00,12.0,76,0.40,61
2024-11-25T22:00,11.5,86,0.60,61
2024-11-25T23:00,10.5,94,0.40,61
2024-11-26T00:00,9.6,91,1.40,61
2024-11-26T01:00,8.8,90,1.00,61
2024-11-26T02:00,8.4,91,0.00,3
2024-11-26T03:00,8.2,91,0.00,3
2024-11-26T04:00,8.1,89,0.00,3
2024-11-26T05:00,7.7,87,0.00,3
2024-11-26T06:00,7.3,86,0.00,3
2024-11-26T07:00,7.4,85,0.00,3
2024-11-26T08:00,7.2,82,0.00,2
2024-11-26T09:00,6.8,85,0.00,1
2024-11-26T10:00,7.9,81,0.00,1
2024-11-26T11:00,8.8,76,0.00,3
2024-11-26T12:00,8.9,78,0.00,3
2024-11-26T13:00,8.9,79,0.00,80
2024-11-26T14:00,8.7,80,0.00,3
2024-11-26T15:00,8.5,81,0.00,80
2024-11-26T16:00,7.9,83,0.00,2
2024-11-26T17:00,7.0,89,0.00,1
2024-11-26T18:00,6.5,86,0.00,1
2024-11-26T19:00,5.7,88,0.00,1
2024-11-26T20:00,6.0,88,0.00,2
2024-11-26T21:00,5.8,86,0.00,0
2024-11-26T22:00,5.4,86,0.00,2
2024-11-26T23:00,5.5,87,0.00,3
2024-11-27T00:00,5.2,88,0.00,2
2024-11-27T01:00,5.1,90,0.00,3
2024-11-27T02:00,5.3,90,0.00,3
2024-11-27T03:00,5.5,88,0.00,3
2024-11-27T04:00,5.1,93,0.00,61
2024-11-27T05:00,5.2,92,0.00,61
2024-11-27T06:00,5.1,92,0.00,3
2024-11-27T07:00,5.2,92,0.00,3
2024-11-27T08:00,5.2,91,0.00,3
2024-11-27T09:00,5.2,92,0.00,3
2024-11-27T10:00,5.7,91,0.00,3
2024-11-27T11:00,6.3,87,0.00,61
2024-11-27T12:00,6.6,86,0.00,3
2024-11-27T13:00,7.5,84,0.00,61
2024-11-27T14:00,8.1,82,0.00,3
2024-11-27T15:00,8.1,84,0.00,3
2024-11-27T16:00,8.4,81,0.00,3
2024-11-27T17:00,8.2,81,0.00,3
2024-11-27T18:00,8.4,82,0.50,61
2024-11-27T19:00,9.0,78,0.00,3
2024-11-27T20:00,9.0,78,0.00,3
2024-11-27T21:00,9.4,79,0.20,61
2024-11-27T22:00,9.4,82,0.40,61
2024-11-27T23:00,9.5,81,0.00,3
2024-11-28T00:00,7.9,70,0.00,2
2024-11-28T01:00,6.8,69,0.00,2
2024-11-28T02:00,6.4,70,0.00,3
2024-11-28T03:00,6.1,71,0.00,61
2024-11-28T04:00,6.0,74,0.00,61
2024-11-28T05:00,5.5,75,0.00,61
2024-11-28T06:00,5.1,77,0.00,61
2024-11-28T07:00,5.1,79,0.00,61
2024-11-28T08:00,4.9,80,0.00,3
2024-11-28T09:00,4.9,80,0.00,61
2024-11-28T10:00,5.1,80,0.20,61
2024-11-28T11:00,5.3,78,0.40,61
2024-11-28T12:00,5.5,79,0.30,80
2024-11-28T13:00,5.6,78,0.00,3
2024-11-28T14:00,5.7,79,0.20,61
2024-11-28T15:00,5.5,83,0.50,61
2024-11-28T16:00,5.3,83,0.20,61
2024-11-28T17:00,5.0,87,0.00,3
2024-11-28T18:00,4.7,85,0.00,2
2024-11-28T19:00,4.7,89,0.00,2
2024-11-28T20:00,4.6,89,0.00,3
2024-11-28T21:00,4.5,88,0.00,61
2024-11-28T22:00,4.0,86,0.00,3
2024-11-28T23:00,3.9,89,0.00,3
2024-11-29T00:00,3.8,90,0.00,3
2024-11-29T01:00,3.7,88,0.00,3
2024-11-29T02:00,3.3,90,0.00,3
2024-11-29T03:00,3.4,90,0.00,3
2024-11-29T04:00,3.4,89,0.00,3
2024-11-29T05:00,3.4,90,0.00,3
2024-11-29T06:00,2.7,93,0.00,2
2024-11-29T07:00,2.4,93,0.00,2
2024-11-29T08:00,1.9,94,0.00,2
2024-11-29T09:00,1.8,94,0.00,2
2024-11-29T10:00,3.3,86,0.00,1
2024-11-29T11:00,3.9,77,0.00,2
2024-11-29T12:00,4.4,73,0.00,2
2024-11-29T13:00,4.0,69,0.00,3
2024-11-29T14:00,3.9,73,0.00,3
2024-11-29T15:00,3.7,73,0.00,2
2024-11-29T16:00,3.2,76,0.00,2
2024-11-29T17:00,2.5,81,0.00,2
2024-11-29T18:00,1.7,84,0.00,1
2024-11-29T19:00,1.1,84,0.00,0
2024-11-29T20:00,0.6,87,0.00,1
2024-11-29T21:00,-0.1,90,0.00,0
2024-11-29T22:00,-1.4,95,0.00,0
2024-11-29T23:00,-1.9,96,0.00,45
2024-11-30T00:00,-1.9,95,0.00,0
2024-11-30T01:00,-2.4,93,0.00,0
2024-11-30T02:00,-2.7,94,0.00,0
2024-11-30T03:00,-2.9,94,0.00,0
2024-11-30T04:00,-3.6,97,0.00,0
2024-11-30T05:00,-3.7,96,0.00,45
2024-11-30T06:00,-3.7,96,0.00,45
2024-11-30T07:00,-4.2,98,0.00,45
2024-11-30T08:00,-4.1,98,0.00,45
2024-11-30T09:00,-3.7,97,0.00,45
2024-11-30T10:00,-2.9,95,0.00,45
2024-11-30T11:00,-1.8,90,0.00,1
2024-11-30T12:00,-0.3,82,0.00,2
2024-11-30T13:00,1.6,79,0.00,1
2024-11-30T14:00,2.3,77,0.00,3
2024-11-30T15:00,2.1,80,0.00,3
2024-11-30T16:00,0.9,88,0.00,0
2024-11-30T17:00,0.2,88,0.00,1
2024-11-30T18:00,-0.0,87,0.00,3
2024-11-30T19:00,-0.9,90,0.00,2
2024-11-30T20:00,-0.7,89,0.00,3
2024-11-30T21:00,-1.0,91,0.00,3
2024-11-30T22:00,-1.6,94,0.00,1
2024-11-30T23:00,-1.4,91,0.00,1
2024-12-01T00:00,-1.6,92,0.00,1
2024-12-01T01:00,-1.9,92,0.00,1
2024-12-01T02:00,-2.8,99,0.00,45
2024-12-01T03:00,-3.1,100,0.00,45
2024-12-01T04:00,-3.6,99,0.00,45
2024-12-01T05:00,-3.9,100,0.00,45
2024-12-01T06:00,-3.1,97,0.00,45
2024-12-01T07:00,-3.1,97,0.00,1
2024-12-01T08:00,-3.5,99,0.00,45
2024-12-01T09:00,-4.0,100,0.00,45
2024-12-01T10:00,-3.7,98,0.00,45
2024-12-01T11:00,-1.5,89,0.00,1
2024-12-01T12:00,0.2,83,0.00,0
2024-12-01T13:00,1.1,85,0.00,0
2024-12-01T14:00,1.7,84,0.00,0
2024-12-01T15:00,1.2,88,0.00,0
2024-12-01T16:00,1.0,87,0.00,0
2024-12-01T17:00,1.0,84,0.00,0
2024-12-01T18:00,0.8,83,0.00,1
2024-12-01T19:00,-0.5,89,0.00,3
2024-12-01T20:00,0.9,77,0.00,1
2024-12-01T21:00,0.6,75,0.00,3
2024-12-01T22:00,1.2,74,0.00,3
2024-12-01T23:00,0.7,78,0.00,2
2024-12-02T00:00,-1.0,87,0.00,3
2024-12-02T01:00,0.4,82,0.00,3
2024-12-02T02:00,0.3,82,0.00,3
2024-12-02T03:00,0.4,85,0.00,3
2024-12-02T04:00,1.4,87,0.00,3
2024-12-02T05:00,1.9,89,0.00,3
2024-12-02T06:00,2.0,90,0.00,3
2024-12-02T07:00,3.2,90,0.00,3
2024-12-02T08:00,2.9,90,0.00,3
2024-12-02T09:00,2.9,90,0.00,3
2024-12-02T10:00,2.5,93,0.00,3
2024-12-02T11:00,3.4,90,0.00,3
2024-12-02T12:00,4.4,88,0.00,3
2024-12-02T13:00,4.8,87,0.00,3
2024-12-02T14:00,5.0,87,0.00,3
2024-12-02T15:00,4.1,90,0.00,3
2024-12-02T16:00,4.1,91,0.00,3
2024-12-02T17:00,3.6,92,0.00,3
2024-12-02T18:00,3.9,93,0.00,80
2024-12-02T19:00,3.8,93,0.00,80
2024-12-02T20:00,4.0,94,0.00,3
2024-12-02T21:00,3.9,94,0.00,3
2024-12-02T22:00,4.5,94,0.00,3
2024-12-02T23:00,4.1,95,0.00,2
2024-12-03T00:00,4.1,95,0.00,3
2024-12-03T01:00,4.3,95,0.00,3
2024-12-03T02:00,4.2,94,0.00,3
2024-12-03T03:00,4.4,94,0.00,3
2024-12-03T04:00,4.6,94,0.10,80
2024-12-03T05:00,4.5,94,0.00,80
2024-12-03T06:00,4.3,93,0.00,3
2024-12-03T07:00,4.7,91,0.00,80
2024-12-03T08:00,4.7,89,0.10,61
2024-12-03T09:00,4.6,90,0.10,80
2024-12-03T10:00,5.3,89,0.10,80
2024-12-03T11:00,5.7,85,0.00,80
2024-12-03T12:00,5.8,83,0.00,80
2024-12-03T13:00,5.8,81,0.20,80
2024-12-03T14:00,5.4,88,0.10,61
2024-12-03T15:00,4.3,86,0.30,80
2024-12-03T16:00,3.9,91,0.10,61
2024-12-03T17:00,3.6,90,0.00,61
2024-12-03T18:00,3.1,91,0.00,3
2024-12-03T19:00,3.4,87,0.00,3
2024-12-03T20:00,3.0,87,0.00,3
2024-12-03T21:00,2.9,87,0.00,2
2024-12-03T22:00,2.5,86,0.00,2
2024-12-03T23:00,2.7,86,0.00,3
2024-12-04T00:00,2.7,88,0.20,61
2024-12-04T01:00,3.0,88,0.10,61
2024-12-04T02:00,2.9,89,0.00,61
2024-12-04T03:00,2.7,90,0.30,61
2024-12-04T04:00,2.2,92,0.70,61
2024-12-04T05:00,1.9,93,0.00,61
2024-12-04T06:00,2.2,93,0.10,53
2024-12-04T07:00,2.3,91,0.00,61
2024-12-04T08:00,2.2,89,0.00,2
2024-12-04T09:00,2.1,91,0.00,3
2024-12-04T10:00,2.5,89,0.00,3
2024-12-04T11:00,2.9,88,0.00,61
2024-12-04T12:00,3.1,85,0.00,61
2024-12-04T13:00,3.4,85,0.10,61
2024-12-04T14:00,3.2,86,0.00,61
2024-12-04T15:00,2.7,87,0.30,61
2024-12-04T16:00,2.7,88,0.10,61
2024-12-04T17:00,2.6,90,0.00,3
2024-12-04T18:00,2.1,92,0.00,3
2024-12-04T19:00,2.5,94,0.00,3
2024-12-04T20:00,2.6,92,0.00,3
2024-12-04T21:00,2.3,91,0.00,2
2024-12-04T22:00,2.4,92,0.00,2
2024-12-04T23:00,1.7,92,0.00,2
2024-12-05T00:00,1.4,93,0.00,2
2024-12-05T01:00,1.0,93,0.00,2
2024-12-05T02:00,0.6,93,0.00,2
2024-12-05T03:00,0.1,95,0.00,0
2024-12-05T04:00,-0.5,98,0.00,1
2024-12-05T05:00,-0.7,97,0.00,2
2024-12-05T06:00,-0.6,95,0.00,3
2024-12-05T07:00,-0.4,95,0.00,3
2024-12-05T08:00,-0.1,94,0.00,3
2024-12-05T09:00,0.1,93,0.00,3
2024-12-05T10:00,1.0,87,0.00,3
2024-12-05T11:00,1.5,83,0.00,3
2024-12-05T12:00,2.1,79,0.00,3
2024-12-05T13:00,3.0,74,0.00,3
2024-12-05T14:00,2.9,71,0.00,3
2024-12-05T15:00,2.2,74,0.00,3
2024-12-05T16:00,1.9,74,0.00,3
2024-12-05T17:00,1.5,76,0.00,3
2024-12-05T18:00,1.8,77,0.00,3
2024-12-05T19:00,2.0,80,0.00,3
2024-12-05T20:00,1.9,84,0.00,61
2024-12-05T21:00,2.0,85,0.00,61
2024-12-05T22:00,2.4,86,0.00,3
2024-12-05T23:00,2.4,87,0.10,61
2024-12-06T00:00,2.4,88,0.00,3
2024-12-06T01:00,2.3,89,0.40,61
2024-12-06T02:00,2.6,89,1.10,61
2024-12-06T03:00,3.0,89,1.10,61
2024-12-06T04:00,3.3,91,3.20,63
2024-12-06T05:00,3.8,89,2.00,61
2024-12-06T06:00,4.6,89,1.00,61
2024-12-06T07:00,5.8,86,0.60,61
2024-12-06T08:00,5.7,86,0.00,80
2024-12-06T09:00,5.3,82,0.00,3
2024-12-06T10:00,5.8,83,0.10,80
2024-12-06T11:00,5.7,81,0.50,61
2024-12-06T12:00,5.5,80,1.10,61
2024-12-06T13:00,5.7,81,0.50,61
2024-12-06T14:00,4.7,84,0.40,61
2024-12-06T15:00,5.4,90,1.40,61
2024-12-06T16:00,6.2,92,1.30,61
2024-12-06T17:00,6.4,89,0.50,80
2024-12-06T18:00,6.0,89,0.60,61
2024-12-06T19:00,6.0,90,0.80,61
2024-12-06T20:00,6.0,90,0.10,61
2024-12-06T21:00,5.8,90,0.10,61
2024-12-06T22:00,6.2,92,0.60,61
2024-12-06T23:00,5.8,88,0.00,61
2024-12-07T00:00,5.4,89,0.00,61
2024-12-07T01:00,5.4,89,0.00,3
2024-12-07T02:00,5.0,89,0.00,2
2024-12-07T03:00,4.4,88,0.00,2
2024-12-07T04:00,3.6,86,0.00,3
2024-12-07T05:00,2.8,89,0.00,3
2024-12-07T06:00,2.3,90,0.00,3
2024-12-07T07:00,2.6,89,0.00,3
2024-12-07T08:00,3.1,88,0.00,3
2024-12-07T09:00,3.3,89,0.10,61
2024-12-07T10:00,3.4,90,0.40,61
2024-12-07T11:00,3.9,89,1.20,61
2024-12-07T12:00,4.4,85,0.10,61
2024-12-07T13:00,4.3,86,0.60,61
2024-12-07T14:00,4.2,87,0.40,61
2024-12-07T15:00,4.0,90,0.90,61
2024-12-07T16:00,3.8,92,0.90,61
2024-12-07T17:00,3.7,91,0.50,61
2024-12-07T18:00,3.6,91,0.10,61
2024-12-07T19:00,3.4,94,0.00,3
2024-12-07T20:00,3.4,95,0.00,3
2024-12-07T21:00,3.1,97,0.00,3
2024-12-07T22:00,3.4,98,0.00,3
2024-12-07T23:00,3.5,96,0.00,3
2024-12-08T00:00,2.9,97,0.00,3
2024-12-08T01:00,2.5,98,0.00,3
2024-12-08T02:00,2.4,97,0.00,3
2024-12-08T03:00,2.3,96,0.00,2
2024-12-08T04:00,1.5,99,0.00,2
2024-12-08T05:00,0.8,100,0.00,45
2024-12-08T06:00,1.0,100,0.00,45
2024-12-08T07:00,0.8,100,0.00,45
2024-12-08T08:00,1.3,100,0.00,45
2024-12-08T09:00,1.7,100,0.00,45
2024-12-08T10:00,2.4,100,0.00,45
2024-12-08T11:00,3.2,99,0.00,45
2024-12-08T12:00,4.3,92,0.00,3
2024-12-08T13:00,5.1,89,0.00,3
2024-12-08T14:00,5.4,88,0.00,2
2024-12-08T15:00,5.3,92,0.00,3
2024-12-08T16:00,4.8,85,0.00,3
2024-12-08T17:00,3.5,91,0.00,3
2024-12-08T18:00,3.4,96,0.00,3
2024-12-08T19:00,3.6,91,0.00,3
2024-12-08T20:00,3.6,82,0.00,3
2024-12-08T21:00,2.7,86,0.00,3
2024-12-08T22:00,2.6,89,0.00,3
2024-12-08T23:00,2.4,86,0.00,3
2024-12-09T00:00,2.1,88,0.00,3
2024-12-09T01:00,2.1,89,0.00,3
2024-12-09T02:00,1.8,87,0.00,3
2024-12-09T03:00,2.0,89,0.00,3
2024-12-09T04:00,1.9,90,0.00,3
2024-12-09T05:00,1.9,88,0.00,3
2024-12-09T06:00,1.3,90,0.00,3
2024-12-09T07:00,0.8,95,0.00,61
2024-12-09T08:00,0.8,96,0.00,61
2024-12-09T09:00,0.9,96,0.00,61
2024-12-09T10:00,1.3,94,0.10,61
2024-12-09T11:00,1.6,86,0.00,3
2024-12-09T12:00,1.7,88,0.00,3
2024-12-09T13:00,1.8,88,0.00,3
2024-12-09T14:00,1.9,85,0.00,3
2024-12-09T15:00,2.1,90,0.00,3
2024-12-09T16:00,2.3,87,0.00,3
2024-12-09T17:00,2.5,88,0.00,3
2024-12-09T18:00,2.5,91,0.00,3
2024-12-09T19:00,2.8,91,0.00,3
2024-12-09T20:00,2.8,88,0.00,3
2024-12-09T21:00,2.7,91,0.00,61
2024-12-09T22:00,2.8,88,0.00,61
2024-12-09T23:00,2.7,88,0.00,61
2024-12-10T00:00,2.7,90,0.00,61
2024-12-10T01:00,2.7,90,0.00,61
2024-12-10T02:00,2.7,91,0.10,61
2024-12-10T03:00,2.5,90,0.00,51
2024-12-10T04:00,2.7,89,0.00,61
2024-12-10T05:00,2.4,89,0.00,61
2024-12-10T06:00,2.2,91,0.00,3
2024-12-10T07:00,2.5,93,0.00,3
2024-12-10T08:00,2.4,91,0.10,61
2024-12-10T09:00,2.2,90,0.00,3
2024-12-10T10:00,2.6,92,0.00,51
2024-12-10T11:00,2.4,88,0.00,3
2024-12-10T12:00,2.3,88,0.00,3
2024-12-10T13:00,2.2,89,0.00,3
2024-12-10T14:00,2.0,89,0.00,3
2024-12-10T15:00,1.8,90,0.00,3
2024-12-10T16:00,1.3,91,0.00,3
2024-12-10T17:00,1.0,93,0.00,3
2024-12-10T18:00,0.9,93,0.00,3
2024-12-10T19:00,0.8,94,0.00,3
2024-12-10T20:00,0.6,92,0.00,3
2024-12-10T21:00,0.6,94,0.00,3
2024-12-10T22:00,0.5,94,0.00,3
2024-12-10T23:00,0.3,95,0.00,3
2024-12-11T00:00,0.4,96,0.00,3
2024-12-11T01:00,0.5,95,0.00,3
2024-12-11T02:00,0.3,95,0.00,3
2024-12-11T03:00,0.4,95,0.00,3
2024-12-11T04:00,0.3,96,0.00,45
2024-12-11T05:00,0.2,96,0.00,45
2024-12-11T06:00,0.2,96,0.00,45
2024-12-11T07:00,0.3,95,0.00,3
2024-12-11T08:00,0.4,94,0.00,3
2024-12-11T09:00,0.6,93,0.00,3
2024-12-11T10:00,0.9,92,0.00,3
2024-12-11T11:00,1.1,92,0.00,3
2024-12-11T12:00,1.5,90,0.00,3
2024-12-11T13:00,1.5,89,0.00,3
2024-12-11T14:00,1.5,88,0.00,3
2024-12-11T15:00,1.5,88,0.00,3
2024-12-11T16:00,0.9,91,0.00,3
2024-12-11T17:00,0.7,93,0.00,3
2024-12-11T18:00,0.6,93,0.00,3
2024-12-11T19:00,0.7,92,0.00,3
2024-12-11T20:00,0.5,92,0.00,3
2024-12-11T21:00,0.4,92,0.00,3
2024-12-11T22:00,0.3,91,0.00,3
2024-12-11T23:00,0.2,94,0.00,3
2024-12-12T00:00,-0.2,94,0.00,3
2024-12-12T01:00,-0.5,93,0.00,3
2024-12-12T02:00,-0.6,94,0.00,3
2024-12-12T03:00,-0.6,95,0.00,3
2024-12-12T04:00,-0.1,94,0.00,45
2024-12-12T05:00,-0.1,94,0.00,3
2024-12-12T06:00,-0.2,94,0.00,3
2024-12-12T07:00,-0.2,94,0.00,3
2024-12-12T08:00,-0.2,94,0.00,3
2024-12-12T09:00,-0.0,94,0.00,3
2024-12-12T10:00,0.2,93,0.00,3
2024-12-12T11:00,0.7,90,0.00,3
2024-12-12T12:00,1.0,90,0.00,3
2024-12-12T13:00,1.0,91,0.00,3
2024-12-12T14:00,1.2,90,0.00,3
2024-12-12T15:00,1.1,92,0.00,3
2024-12-12T16:00,0.9,94,0.00,3
2024-12-12T17:00,0.8,95,0.00,45
2024-12-12T18:00,0.8,95,0.00,45
2024-12-12T19:00,0.7,96,0.00,3
2024-12-12T20:00,0.7,96,0.00,3
2024-12-12T21:00,0.6,95,0.00,3
2024-12-12T22:00,0.4,95,0.00,3
2024-12-12T23:00,0.2,94,0.00,3
2024-12-13T00:00,0.0,94,0.00,3
2024-12-13T01:00,-0.1,94,0.00,3
2024-12-13T02:00,-0.4,93,0.00,3
2024-12-13T03:00,-0.6,94,0.00,3
2024-12-13T04:00,-0.7,90,0.00,3
2024-12-13T05:00,-0.9,94,0.00,3
2024-12-13T06:00,-1.0,90,0.00,3
2024-12-13T07:00,-1.0,90,0.00,3
2024-12-13T08:00,-1.1,90,0.00,3
2024-12-13T09:00,-1.2,90,0.00,3
2024-12-13T10:00,-1.0,89,0.00,3
2024-12-13T11:00,-0.8,87,0.00,3
2024-12-13T12:00,-0.5,86,0.00,3
2024-12-13T13:00,-0.8,88,0.00,3
2024-12-13T14:00,-0.5,86,0.00,2
2024-12-13T15:00,-0.6,87,0.00,2
2024-12-13T16:00,-1.3,90,0.00,2
2024-12-13T17:00,-1.8,92,0.00,2
2024-12-13T18:00,-2.2,94,0.00,2
2024-12-13T19:00,-2.5,93,0.00,45
2024-12-13T20:00,-2.6,93,0.00,2
2024-12-13T21:00,-2.5,92,0.00,3
2024-12-13T22:00,-2.1,91,0.00,3
2024-12-13T23:00,-2.0,92,0.00,3
2024-12-14T00:00,-1.8,92,0.00,3
2024-12-14T01:00,-1.4,91,0.00,3
2024-12-14T02:00,-1.1,91,0.00,3
2024-12-14T03:00,-0.8,89,0.00,3
2024-12-14T04:00,-0.7,90,0.00,3
2024-12-14T05:00,-0.5,91,0.00,3
2024-12-14T06:00,-0.5,92,0.00,3
2024-12-14T07:00,-0.5,91,0.00,3
2024-12-14T08:00,-0.5,91,0.00,3
2024-12-14T09:00,-0.4,90,0.00,3
2024-12-14T10:00,-0.2,87,0.00,3
2024-12-14T11:00,-0.1,87,0.00,3
2024-12-14T12:00,0.0,87,0.00,3
2024-12-14T13:00,0.1,83,0.00,3
2024-12-14T14:00,0.4,85,0.00,3
2024-12-14T15:00,0.5,86,0.00,3
2024-12-14T16:00,0.6,88,0.00,3
2024-12-14T17:00,0.8,87,0.00,3
2024-12-14T18:00,0.7,90,0.00,71
2024-12-14T19:00,1.0,90,0.00,61
2024-12-14T20:00,1.2,90,0.00,61
2024-12-14T21:00,0.8,93,0.30,53
2024-12-14T22:00,1.1,93,0.20,53
2024-12-14T23:00,1.2,92,0.40,61
2024-12-15T00:00,1.1,93,0.40,61
2024-12-15T01:00,1.3,93,0.40,53
2024-12-15T02:00,1.6,93,0.00,61
2024-12-15T03:00,1.8,93,0.00,51
2024-12-15T04:00,2.3,94,0.00,3
2024-12-15T05:00,2.5,92,0.00,61
2024-12-15T06:00,2.7,92,0.30,53
2024-12-15T07:00,2.8,91,0.00,61
2024-12-15T08:00,2.8,86,0.00,3
2024-12-15T09:00,2.7,87,0.00,3
2024-12-15T10:00,3.1,87,0.00,3
2024-12-15T11:00,3.7,84,0.00,3
2024-12-15T12:00,4.0,83,0.00,3
2024-12-15T13:00,4.3,86,0.00,3
2024-12-15T14:00,4.4,87,0.00,61
2024-12-15T15:00,4.4,89,0.60,61
2024-12-15T16:00,4.5,91,0.90,61
2024-12-15T17:00,4.8,91,0.30,61
2024-12-15T18:00,5.1,91,0.50,55
2024-12-15T19:00,5.5,90,0.30,53
2024-12-15T20:00,5.8,90,0.00,51
2024-12-15T21:00,6.1,92,0.00,3
2024-12-15T22:00,6.6,90,0.00,3
2024-12-15T23:00,6.7,93,0.00,3
2024-12-16T00:00,6.8,94,0.00,3
2024-12-16T01:00,7.6,89,0.00,3
2024-12-16T02:00,7.6,91,0.00,3
2024-12-16T03:00,7.5,91,0.00,3
2024-12-16T04:00,7.8,89,0.00,3
2024-12-16T05:00,7.7,91,0.00,3
2024-12-16T06:00,8.0,92,0.00,3
2024-12-16T07:00,8.6,90,0.00,3
2024-12-16T08:00,8.6,91,0.00,3
2024-12-16T09:00,8.5,94,0.00,3
2024-12-16T10:00,9.1,90,0.00,3
2024-12-16T11:00,9.1,91,0.00,3
2024-12-16T12:00,9.0,90,0.00,3
2024-12-16T13:00,9.0,88,0.00,3
2024-12-16T14:00,9.0,90,0.00,3
2024-12-16T15:00,9.0,87,0.00,3
2024-12-16T16:00,8.8,89,0.00,3
2024-12-16T17:00,8.8,88,0.00,3
2024-12-16T18:00,8.8,87,0.00,3
2024-12-16T19:00,8.7,85,0.00,3
2024-12-16T20:00,8.3,85,0.00,3
2024-12-16T21:00,8.3,80,0.00,3
2024-12-16T22:00,8.5,83,0.00,3
2024-12-16T23:00,8.2,80,0.00,2
2024-12-17T00:00,7.7,84,0.00,3
2024-12-17T01:00,7.8,81,0.00,3
2024-12-17T02:00,7.6,83,0.00,3
2024-12-17T03:00,7.4,83,0.00,3
2024-12-17T04:00,7.9,80,0.00,3
2024-12-17T05:00,7.5,84,0.10,61
2024-12-17T06:00,7.5,85,0.10,61
2024-12-17T07:00,7.6,84,0.20,61
2024-12-17T08:00,7.4,85,0.00,3
2024-12-17T09:00,7.2,86,0.00,3
2024-12-17T10:00,7.5,83,0.00,3
2024-12-17T11:00,7.6,83,0.00,3
2024-12-17T12:00,8.1,81,0.00,3
2024-12-17T13:00,8.3,79,0.00,3
2024-12-17T14:00,8.3,78,0.00,3
2024-12-17T15:00,8.1,80,0.00,3
2024-12-17T16:00,7.8,82,0.00,3
2024-12-17T17:00,7.5,83,0.00,3
2024-12-17T18:00,7.0,85,0.00,3
2024-12-17T19:00,7.1,85,0.00,3
2024-12-17T20:00,6.6,87,0.00,3
2024-12-17T21:00,6.1,88,0.00,3
2024-12-17T22:00,6.1,84,0.00,3
2024-12-17T23:00,5.5,84,0.00,3
2024-12-18T00:00,5.1,86,0.00,3
2024-12-18T01:00,5.2,87,0.00,3
2024-12-18T02:00,5.1,87,0.00,3
2024-12-18T03:00,5.1,87,0.00,3
2024-12-18T04:00,5.4,89,0.00,3
2024-12-18T05:00,5.2,88,0.00,3
2024-12-18T06:00,5.2,85,0.00,3
2024-12-18T07:00,5.6,83,0.00,3
2024-12-18T08:00,5.7,82,0.10,61
2024-12-18T09:00,6.0,80,0.00,3
2024-12-18T10:00,6.5,78,0.60,61
2024-12-18T11:00,7.3,77,0.00,3
2024-12-18T12:00,8.0,73,0.00,3
2024-12-18T13:00,8.6,71,0.00,3
2024-12-18T14:00,8.8,73,0.00,2
2024-12-18T15:00,9.0,74,0.00,3
2024-12-18T16:00,9.3,79,0.00,3
2024-12-18T17:00,9.0,74,0.00,2
2024-12-18T18:00,9.0,76,0.00,3
2024-12-18T19:00,10.1,77,0.00,3
2024-12-18T20:00,10.0,77,0.00,3
2024-12-18T21:00,9.8,79,0.00,3
2024-12-18T22:00,10.1,79,0.00,3
2024-12-18T23:00,9.7,81,0.00,3
2024-12-19T00:00,9.3,83,0.00,3
2024-12-19T01:00,9.7,83,0.00,3
2024-12-19T02:00,9.6,83,0.00,3
2024-12-19T03:00,9.6,82,0.00,61
2024-12-19T04:00,9.9,84,0.10,80
2024-12-19T05:00,10.5,85,0.00,3
2024-12-19T06:00,10.7,85,0.00,3
2024-12-19T07:00,11.3,84,0.00,3
2024-12-19T08:00,11.4,82,0.00,3
2024-12-19T09:00,11.0,84,0.90,61
2024-12-19T10:00,11.2,81,0.00,3
2024-12-19T11:00,11.1,79,0.00,3
2024-12-19T12:00,11.1,79,0.00,3
2024-12-19T13:00,11.3,80,0.00,80
2024-12-19T14:00,11.0,81,0.10,80
2024-12-19T15:00,9.7,88,3.90,63
2024-12-19T16:00,7.2,82,4.70,63
2024-12-19T17:00,6.1,84,1.10,61
2024-12-19T18:00,5.8,84,0.00,80
2024-12-19T19:00,4.9,84,0.30,61
2024-12-19T20:00,3.5,85,0.30,61
2024-12-19T21:00,3.4,85,0.40,61
2024-12-19T22:00,3.4,86,0.00,2
2024-12-19T23:00,3.2,83,0.00,1
2024-12-20T00:00,3.1,82,0.00,3
2024-12-20T01:00,3.3,84,0.10,80
2024-12-20T02:00,3.3,84,0.00,2
2024-12-20T03:00,3.0,86,0.20,80
2024-12-20T04:00,3.2,87,0.50,80
2024-12-20T05:00,3.0,86,0.00,80
2024-12-20T06:00,2.9,86,0.00,80
2024-12-20T07:00,3.1,86,0.40,61
2024-12-20T08:00,2.9,87,0.00,80
2024-12-20T09:00,2.8,87,0.00,61
2024-12-20T10:00,3.0,85,0.00,61
2024-12-20T11:00,3.3,84,0.00,61
2024-12-20T12:00,3.4,84,0.00,61
2024-12-20T13:00,3.6,82,0.00,61
2024-12-20T14:00,3.7,82,0.00,3
2024-12-20T15:00,3.5,82,0.00,3
2024-12-20T16:00,3.2,82,0.00,3
2024-12-20T17:00,3.0,84,0.00,3
2024-12-20T18:00,2.7,86,0.00,3
2024-12-20T19:00,2.1,85,0.00,1
2024-12-20T20:00,1.5,83,0.00,1
2024-12-20T21:00,1.1,83,0.00,1
2024-12-20T22:00,1.3,82,0.00,1
2024-12-20T23:00,1.1,85,0.00,3
2024-12-21T00:00,1.1,86,0.00,3
2024-12-21T01:00,1.2,86,0.00,3
2024-12-21T02:00,1.3,87,0.00,3
2024-12-21T03:00,1.6,88,0.00,3
2024-12-21T04:00,2.0,87,0.00,61
2024-12-21T05:00,2.0,87,0.00,61
2024-12-21T06:00,2.1,88,0.00,61
2024-12-21T07:00,2.7,89,0.00,3
2024-12-21T08:00,2.8,90,0.00,3
2024-12-21T09:00,3.1,89,0.00,3
2024-12-21T10:00,3.8,87,0.00,3
2024-12-21T11:00,4.3,86,0.00,3
2024-12-21T12:00,4.7,85,0.00,3
2024-12-21T13:00,4.8,86,0.00,3
2024-12-21T14:00,4.9,86,0.00,3
2024-12-21T15:00,5.0,86,0.00,3
2024-12-21T16:00,5.1,86,0.00,3
2024-12-21T17:00,4.8,88,0.00,3
2024-12-21T18:00,4.9,86,0.00,61
2024-12-21T19:00,4.9,86,0.80,61
2024-12-21T20:00,5.3,85,0.00,61
2024-12-21T21:00,5.4,85,0.00,61
2024-12-21T22:00,5.6,85,0.20,61
2024-12-21T23:00,5.4,85,0.00,61
2024-12-22T00:00,5.3,87,0.50,61
2024-12-22T01:00,5.6,88,0.50,61
2024-12-22T02:00,6.0,87,0.20,80
2024-12-22T03:00,6.4,84,0.00,61
2024-12-22T04:00,6.6,87,0.00,3
2024-12-22T05:00,6.3,84,0.00,61
2024-12-22T06:00,5.7,83,0.00,3
2024-12-22T07:00,5.3,89,0.30,80
2024-12-22T08:00,5.0,85,0.20,61
2024-12-22T09:00,4.3,85,1.20,80
2024-12-22T10:00,4.2,86,0.00,61
2024-12-22T11:00,3.6,87,0.60,61
2024-12-22T12:00,3.5,85,0.70,80
2024-12-22T13:00,3.5,82,0.00,3
2024-12-22T14:00,3.5,83,0.00,3
2024-12-22T15:00,2.5,88,0.50,61
2024-12-22T16:00,2.1,89,0.10,61
2024-12-22T17:00,1.8,88,0.00,61
2024-12-22T18:00,1.4,88,0.00,3
2024-12-22T19:00,1.5,87,0.00,3
2024-12-22T20:00,1.3,87,0.00,3
2024-12-22T21:00,1.4,87,0.00,3
2024-12-22T22:00,1.8,87,0.00,3
2024-12-22T23:00,1.4,90,0.10,61
2024-12-23T00:00,1.2,90,0.30,80
2024-12-23T01:00,1.7,89,0.00,3
2024-12-23T02:00,1.4,89,0.00,2
2024-12-23T03:00,1.0,89,0.00,2
2024-12-23T04:00,0.7,88,0.00,1
2024-12-23T05:00,0.4,88,0.00,1
2024-12-23T06:00,0.4,89,0.00,2
2024-12-23T07:00,0.7,90,0.00,3
2024-12-23T08:00,0.8,89,0.00,3
2024-12-23T09:00,1.1,90,0.00,3
2024-12-23T10:00,1.4,91,0.30,80
2024-12-23T11:00,1.7,89,0.00,80
2024-12-23T12:00,2.6,88,0.00,3
2024-12-23T13:00,2.9,88,0.00,3
2024-12-23T14:00,3.3,85,0.00,80
2024-12-23T15:00,3.4,86,0.00,3
2024-12-23T16:00,3.2,85,0.10,80
2024-12-23T17:00,2.9,87,0.00,80
2024-12-23T18:00,2.8,87,0.00,80
2024-12-23T19:00,2.7,88,0.00,3
2024-12-23T20:00,2.6,88,0.10,80
2024-12-23T21:00,2.5,90,0.20,80
2024-12-23T22:00,2.6,90,0.50,80
2024-12-23T23:00,2.5,91,0.00,61
2024-12-24T00:00,2.2,92,0.00,3
2024-12-24T01:00,2.4,91,0.00,61
2024-12-24T02:00,2.1,93,0.10,53
2024-12-24T03:00,2.2,93,0.00,51
2024-12-24T04:00,2.2,93,0.00,3
2024-12-24T05:00,2.0,93,0.00,3
2024-12-24T06:00,1.9,93,0.00,3
2024-12-24T07:00,1.9,94,0.00,3
2024-12-24T08:00,1.8,94,0.00,3
2024-12-24T09:00,1.6,95,0.00,3
2024-12-24T10:00,1.9,95,0.00,3
2024-12-24T11:00,2.3,92,0.00,3
2024-12-24T12:00,2.7,90,0.00,3
2024-12-24T13:00,3.2,87,0.00,3
2024-12-24T14:00,3.4,87,0.00,3
2024-12-24T15:00,3.3,86,0.00,3
2024-12-24T16:00,3.1,91,0.00,3
2024-12-24T17:00,2.7,92,0.00,3
2024-12-24T18:00,2.3,92,0.00,3
2024-12-24T19:00,2.4,93,0.00,3
2024-12-24T20:00,2.4,92,0.00,3
2024-12-24T21:00,2.7,90,0.00,3
2024-12-24T22:00,2.7,91,0.00,3
2024-12-24T23:00,2.9,91,0.00,3
2024-12-25T00:00,3.0,91,0.00,3
2024-12-25T01:00,2.9,92,0.00,3
2024-12-25T02:00,3.0,92,0.00,3
2024-12-25T03:00,3.1,92,0.00,3
2024-12-25T04:00,3.0,92,0.00,3
2024-12-25T05:00,3.2,90,0.00,3
2024-12-25T06:00,3.1,92,0.00,3
2024-12-25T07:00,3.2,92,0.00,3
2024-12-25T08:00,3.2,93,0.00,3
2024-12-25T09:00,3.3,93,0.00,3
2024-12-25T10:00,3.6,93,0.00,3
2024-12-25T11:00,3.7,94,0.00,3
2024-12-25T12:00,4.1,94,0.00,3
2024-12-25T13:00,4.6,91,0.10,51
2024-12-25T14:00,4.9,92,0.00,3
2024-12-25T15:00,5.1,92,0.00,3
2024-12-25T16:00,4.7,97,0.00,3
2024-12-25T17:00,4.5,98,0.00,45
2024-12-25T18:00,4.5,98,0.00,45
2024-12-25T19:00,4.4,99,0.00,45
2024-12-25T20:00,4.4,99,0.00,45
2024-12-25T21:00,4.5,99,0.00,45
2024-12-25T22:00,4.2,100,0.00,45
2024-12-25T23:00,4.2,100,0.00,45
2024-12-26T00:00,4.2,100,0.00,45
2024-12-26T01:00,4.0,100,0.00,45
2024-12-26T02:00,4.1,99,0.00,45
2024-12-26T03:00,4.1,99,0.00,45
2024-12-26T04:00,3.9,100,0.00,45
2024-12-26T05:00,3.9,100,0.00,45
2024-12-26T06:00,4.0,99,0.00,45
2024-12-26T07:00,3.4,100,0.00,45
2024-12-26T08:00,3.3,100,0.00,45
2024-12-26T09:00,3.4,100,0.00,45
2024-12-26T10:00,3.2,99,0.00,45
2024-12-26T11:00,3.7,99,0.00,45
2024-12-26T12:00,4.1,98,0.00,45
2024-12-26T13:00,3.6,100,0.00,45
2024-12-26T14:00,3.9,100,0.00,45
2024-12-26T15:00,3.9,100,0.00,45
2024-12-26T16:00,3.6,100,0.00,45
2024-12-26T17:00,3.6,100,0.00,45
2024-12-26T18:00,3.6,100,0.00,45
2024-12-26T19:00,3.0,100,0.00,45
2024-12-26T20:00,3.0,100,0.00,45
2024-12-26T21:00,3.0,100,0.00,45
2024-12-26T22:00,2.3,100,0.00,45
2024-12-26T23:00,2.1,100,0.00,45
2024-12-27T00:00,1.9,100,0.00,45
2024-12-27T01:00,1.5,100,0.00,45
2024-12-27T02:00,1.5,100,0.00,45
2024-12-27T03:00,1.2,100,0.00,45
2024-12-27T04:00,0.6,100,0.00,45
2024-12-27T05:00,0.5,100,0.00,45
2024-12-27T06:00,0.4,100,0.00,45
2024-12-27T07:00,-0.1,100,0.00,45
2024-12-27T08:00,-0.3,100,0.00,45
2024-12-27T09:00,-0.3,100,0.00,45
2024-12-27T10:00,-0.6,100,0.00,45
2024-12-27T11:00,-0.2,100,0.00,45
2024-12-27T12:00,0.5,98,0.00,45
2024-12-27T13:00,0.6,100,0.00,45
2024-12-27T14:00,1.4,96,0.00,45
2024-12-27T15:00,1.7,95,0.00,45
2024-12-27T16:00,0.3,100,0.00,45
2024-12-27T17:00,-0.3,100,0.00,45
2024-12-27T18:00,-0.7,100,0.00,45
2024-12-27T19:00,-1.3,100,0.00,45
2024-12-27T20:00,-1.7,100,0.00,45
2024-12-27T21:00,-1.7,100,0.00,45
2024-12-27T22:00,-2.3,100,0.00,45
2024-12-27T23:00,-3.1,100,0.00,45
2024-12-28T00:00,-2.8,100,0.00,45
2024-12-28T01:00,-2.9,100,0.00,45
2024-12-28T02:00,-3.3,100,0.00,45
2024-12-28T03:00,-3.2,100,0.00,45
2024-12-28T04:00,-3.5,100,0.00,45
2024-12-28T05:00,-3.9,97,0.00,45
2024-12-28T06:00,-3.8,95,0.00,3
2024-12-28T07:00,-4.4,100,0.00,1
2024-12-28T08:00,-4.1,96,0.00,45
2024-12-28T09:00,-3.0,75,0.00,1
2024-12-28T10:00,-2.2,75,0.00,0
2024-12-28T11:00,-1.0,76,0.00,0
2024-12-28T12:00,1.0,70,0.00,0
2024-12-28T13:00,2.5,71,0.00,0
2024-12-28T14:00,3.1,73,0.00,0
2024-12-28T15:00,2.6,79,0.00,0
2024-12-28T16:00,1.7,80,0.00,0
2024-12-28T17:00,0.9,81,0.00,1
2024-12-28T18:00,0.2,79,0.00,0
2024-12-28T19:00,-1.1,83,0.00,0
2024-12-28T20:00,-1.2,82,0.00,0
2024-12-28T21:00,-1.3,82,0.00,0
2024-12-28T22:00,-1.7,82,0.00,0
2024-12-28T23:00,-1.4,76,0.00,0
2024-12-29T00:00,-1.3,74,0.00,0
2024-12-29T01:00,-1.9,82,0.00,0
2024-12-29T02:00,-2.0,86,0.00,0
2024-12-29T03:00,-1.9,85,0.00,0
2024-12-29T04:00,-2.2,87,0.00,0
2024-12-29T05:00,-2.0,89,0.00,0
2024-12-29T06:00,-1.8,89,0.00,1
2024-12-29T07:00,-2.0,91,0.00,1
2024-12-29T08:00,-1.8,88,0.00,2
2024-12-29T09:00,-1.3,84,0.00,1
2024-12-29T10:00,-0.6,83,0.00,1
2024-12-29T11:00,0.2,81,0.00,1
2024-12-29T12:00,0.2,81,0.00,0
2024-12-29T13:00,-0.3,88,0.00,1
2024-12-29T14:00,-0.5,92,0.00,3
2024-12-29T15:00,-0.6,92,0.00,3
2024-12-29T16:00,-1.4,97,0.00,3
2024-12-29T17:00,-1.6,97,0.00,3
2024-12-29T18:00,-1.5,95,0.00,3
2024-12-29T19:00,-0.9,94,0.00,3
2024-12-29T20:00,-0.7,94,0.00,3
2024-12-29T21:00,-0.6,95,0.00,3
2024-12-29T22:00,-0.3,94,0.00,3
2024-12-29T23:00,-0.2,94,0.00,3
2024-12-30T00:00,-0.1,94,0.00,3
2024-12-30T01:00,0.1,95,0.00,3
2024-12-30T02:00,0.3,95,0.00,3
2024-12-30T03:00,0.4,94,0.00,3
2024-12-30T04:00,0.1,95,0.00,3
2024-12-30T05:00,0.2,93,0.00,3
2024-12-30T06:00,0.2,92,0.00,3
2024-12-30T07:00,-0.0,92,0.00,3
2024-12-30T08:00,0.0,91,0.00,3
2024-12-30T09:00,-0.0,90,0.00,3
2024-12-30T10:00,0.3,91,0.00,2
2024-12-30T11:00,0.9,88,0.00,3
2024-12-30T12:00,1.1,86,0.00,2
2024-12-30T13:00,0.4,89,0.00,3
2024-12-30T14:00,0.4,89,0.00,3
2024-12-30T15:00,0.2,90,0.00,3
2024-12-30T16:00,-0.5,92,0.00,3
2024-12-30T17:00,-1.1,95,0.00,2
2024-12-30T18:00,-1.5,96,0.00,48
2024-12-30T19:00,-1.6,97,0.00,48
2024-12-30T20:00,-1.7,98,0.00,48
2024-12-30T21:00,-1.7,98,0.00,48
2024-12-30T22:00,-1.4,98,0.00,48
2024-12-30T23:00,-1.3,98,0.00,48
2024-12-31T00:00,-1.3,98,0.00,48
2024-12-31T01:00,-1.1,97,0.00,48
2024-12-31T02:00,-1.3,97,0.00,48
2024-12-31T03:00,-1.6,97,0.00,45
2024-12-31T04:00,-1.5,98,0.00,45
2024-12-31T05:00,-1.8,98,0.00,45
2024-12-31T06:00,-1.9,99,0.00,45
2024-12-31T07:00,-1.5,99,0.00,45
2024-12-31T08:00,-1.5,98,0.00,45
2024-12-31T09:00,-1.7,98,0.00,48
2024-12-31T10:00,-1.2,95,0.00,45
2024-12-31T11:00,-0.4,93,0.00,1
2024-12-31T12:00,0.8,86,0.00,1
2024-12-31T13:00,1.7,84,0.00,0
2024-12-31T14:00,1.5,83,0.00,2
2024-12-31T15:00,1.1,85,0.00,1
2024-12-31T16:00,0.2,91,0.00,2
2024-12-31T17:00,-0.3,92,0.00,3
2024-12-31T18:00,-0.7,91,0.00,3
2024-12-31T19:00,-0.7,91,0.00,3
2024-12-31T20:00,-0.9,90,0.00,3
2024-12-31T21:00,-0.9,88,0.00,3
2024-12-31T22:00,-0.6,89,0.00,3
2024-12-31T23:00,-0.6,91,0.00,3
2025-01-01T00:00,-0.3,90,0.00,3
2025-01-01T01:00,0.1,90,0.00,3
2025-01-01T02:00,0.3,90,0.00,3
2025-01-01T03:00,0.4,90,0.00,3
2025-01-01T04:00,0.7,90,0.00,3
2025-01-01T05:00,0.9,92,0.00,3
2025-01-01T06:00,1.5,91,0.00,3
2025-01-01T07:00,2.2,89,0.00,3
2025-01-01T08:00,2.2,90,0.00,2
2025-01-01T09:00,2.6,89,0.00,3
2025-01-01T10:00,3.4,84,0.00,2
2025-01-01T11:00,3.8,82,0.00,2
2025-01-01T12:00,4.1,79,0.00,3
2025-01-01T13:00,4.5,76,0.00,1
2025-01-01T14:00,4.3,72,0.00,3
2025-01-01T15:00,3.8,74,0.00,3
2025-01-01T16:00,4.0,75,0.00,3
2025-01-01T17:00,3.6,78,0.00,3
2025-01-01T18:00,3.7,78,0.00,3
2025-01-01T19:00,4.4,78,0.00,3
2025-01-01T20:00,4.1,77,0.00,3
2025-01-01T21:00,4.1,77,0.00,3
2025-01-01T22:00,5.2,77,0.00,3
2025-01-01T23:00,5.2,76,0.00,3
2025-01-02T00:00,5.3,77,0.00,3
2025-01-02T01:00,6.0,78,0.20,61
2025-01-02T02:00,5.8,83,0.50,61
2025-01-02T03:00,5.3,85,1.70,61
2025-01-02T04:00,4.6,87,2.20,61
2025-01-02T05:00,3.4,87,1.10,61
2025-01-02T06:00,3.0,87,0.40,61
2025-01-02T07:00,2.8,87,0.20,61
2025-01-02T08:00,2.6,88,0.00,61
2025-01-02T09:00,2.6,87,0.00,3
2025-01-02T10:00,2.6,89,0.00,3
2025-01-02T11:00,2.8,86,0.00,3
2025-01-02T12:00,3.0,82,0.00,3
2025-01-02T13:00,3.2,83,0.00,2
2025-01-02T14:00,3.1,82,0.00,3
2025-01-02T15:00,2.7,87,0.00,80
2025-01-02T16:00,2.3,87,0.00,2
2025-01-02T17:00,1.6,91,0.00,2
2025-01-02T18:00,1.1,91,0.00,85
2025-01-02T19:00,0.9,89,0.00,85
2025-01-02T20:00,0.7,90,0.00,2
2025-01-02T21:00,0.5,91,0.00,2
2025-01-02T22:00,0.7,92,0.00,85
2025-01-02T23:00,0.8,90,0.00,85
2025-01-03T00:00,0.7,89,0.00,3
2025-01-03T01:00,0.8,90,0.00,3
2025-01-03T02:00,0.7,90,0.00,85
2025-01-03T03:00,0.5,90,0.00,85
2025-01-03T04:00,0.7,88,0.00,3
2025-01-03T05:00,0.4,88,0.00,85
2025-01-03T06:00,0.2,90,0.00,85
2025-01-03T07:00,0.3,88,0.00,85
2025-01-03T08:00,0.2,88,0.00,85
2025-01-03T09:00,0.0,87,0.00,71
2025-01-03T10:00,0.3,86,0.00,3
2025-01-03T11:00,0.6,82,0.00,3
2025-01-03T12:00,0.5,85,0.00,71
2025-01-03T13:00,0.7,79,0.00,2
2025-01-03T14:00,0.7,70,0.00,3
2025-01-03T15:00,0.4,76,0.00,3
2025-01-03T16:00,0.0,80,0.00,71
2025-01-03T17:00,-0.3,86,0.00,71
2025-01-03T18:00,-0.4,90,0.00,73
2025-01-03T19:00,-0.3,91,0.00,71
2025-01-03T20:00,-0.2,87,0.00,71
2025-01-03T21:00,-0.3,87,0.00,71
2025-01-03T22:00,-0.4,87,0.00,71
2025-01-03T23:00,-0.5,86,0.00,71
2025-01-04T00:00,-0.5,87,0.00,71
2025-01-04T01:00,-0.9,87,0.00,71
2025-01-04T02:00,-0.9,88,0.00,2
2025-01-04T03:00,-1.1,88,0.00,2
2025-01-04T04:00,-1.2,87,0.00,3
2025-01-04T05:00,-1.4,89,0.00,71
2025-01-04T06:00,-1.2,89,0.00,3
2025-01-04T07:00,-1.3,88,0.00,3
2025-01-04T08:00,-1.4,87,0.00,3
2025-01-04T09:00,-1.4,85,0.00,3
2025-01-04T10:00,-1.1,83,0.00,3
2025-01-04T11:00,-0.5,81,0.00,3
2025-01-04T12:00,-0.3,82,0.00,3
2025-01-04T13:00,0.2,82,0.00,3
2025-01-04T14:00,0.2,82,0.00,3
2025-01-04T15:00,0.1,84,0.00,3
2025-01-04T16:00,-0.0,83,0.00,3
2025-01-04T17:00,-0.2,86,0.00,3
2025-01-04T18:00,-0.3,87,0.00,3
2025-01-04T19:00,-0.4,90,0.00,3
2025-01-04T20:00,-0.5,89,0.00,3
2025-01-04T21:00,-0.8,88,0.00,3
2025-01-04T22:00,-1.3,89,0.00,3
2025-01-04T23:00,-1.6,90,0.00,3
2025-01-05T00:00,-2.2,92,0.00,3
2025-01-05T01:00,-3.3,96,0.00,3
2025-01-05T02:00,-3.5,96,0.00,3
2025-01-05T03:00,-3.5,96,0.00,3
2025-01-05T04:00,-3.8,97,0.00,3
2025-01-05T05:00,-3.5,96,0.00,3
2025-01-05T06:00,-3.5,94,0.00,3
2025-01-05T07:00,-3.3,93,0.00,3
2025-01-05T08:00,-3.3,93,0.00,71
2025-01-05T09:00,-3.2,95,0.00,71
2025-01-05T10:00,-3.1,94,0.00,71
2025-01-05T11:00,-2.9,95,0.00,71
2025-01-05T12:00,-2.5,95,0.00,71
2025-01-05T13:00,-1.7,97,0.00,71
2025-01-05T14:00,-1.5,95,1.20,66
2025-01-05T15:00,-1.5,96,2.80,67
2025-01-05T16:00,-1.0,97,2.30,66
2025-01-05T17:00,-1.0,99,3.10,67
2025-01-05T18:00,-0.9,99,2.50,66
2025-01-05T19:00,-0.6,99,2.40,66
2025-01-05T20:00,1.9,98,0.60,66
2025-01-05T21:00,5.3,96,0.60,61
2025-01-05T22:00,7.3,91,0.80,61
2025-01-05T23:00,7.0,92,0.10,61
2025-01-06T00:00,7.3,91,0.00,80
2025-01-06T01:00,8.0,90,0.00,61
2025-01-06T02:00,8.5,90,0.40,80
2025-01-06T03:00,8.9,86,0.60,61
2025-01-06T04:00,9.0,84,0.70,61
2025-01-06T05:00,8.8,84,0.00,61
2025-01-06T06:00,8.8,83,0.00,61
2025-01-06T07:00,9.0,81,0.10,61
2025-01-06T08:00,8.6,81,0.10,61
2025-01-06T09:00,8.4,78,0.00,3
2025-01-06T10:00,9.0,75,0.20,61
2025-01-06T11:00,9.3,74,0.00,3
2025-01-06T12:00,9.6,72,0.00,3
2025-01-06T13:00,10.1,72,0.00,3
2025-01-06T14:00,10.8,70,0.00,0
2025-01-06T15:00,10.6,68,0.00,2
2025-01-06T16:00,10.4,65,0.00,3
2025-01-06T17:00,10.9,65,0.00,2
2025-01-06T18:00,10.6,66,0.00,2
2025-01-06T19:00,10.1,63,0.00,2
2025-01-06T20:00,8.6,61,0.00,2
2025-01-06T21:00,7.6,63,0.00,3
2025-01-06T22:00,7.1,68,0.00,3
2025-01-06T23:00,6.4,61,0.00,3
2025-01-07T00:00,6.0,69,0.00,3
2025-01-07T01:00,5.7,68,0.00,3
2025-01-07T02:00,5.3,71,0.00,3
2025-01-07T03:00,5.0,72,0.00,3
2025-01-07T04:00,4.9,70,0.00,1
2025-01-07T05:00,4.6,73,0.00,2
2025-01-07T06:00,4.3,78,0.00,80
2025-01-07T07:00,4.3,75,0.20,80
2025-01-07T08:00,3.3,72,0.00,2
2025-01-07T09:00,2.6,81,0.00,3
2025-01-07T10:00,3.3,76,0.00,1
2025-01-07T11:00,4.0,71,0.00,3
2025-01-07T12:00,4.4,68,0.00,3
2025-01-07T13:00,4.8,64,0.00,3
2025-01-07T14:00,4.3,73,0.00,80
2025-01-07T15:00,3.0,84,0.30,80
2025-01-07T16:00,2.4,80,0.00,80
2025-01-07T17:00,1.9,74,0.00,2
2025-01-07T18:00,1.4,78,0.00,3
2025-01-07T19:00,1.9,76,0.00,2
2025-01-07T20:00,1.8,76,0.00,3
2025-01-07T21:00,1.8,84,0.40,71
2025-01-07T22:00,1.6,86,0.60,80
2025-01-07T23:00,1.6,83,0.00,3
2025-01-08T00:00,1.4,85,0.00,3
2025-01-08T01:00,1.7,83,0.00,3
2025-01-08T02:00,1.1,90,0.30,61
2025-01-08T03:00,1.4,86,0.30,71
2025-01-08T04:00,1.2,87,0.00,85
2025-01-08T05:00,1.5,84,0.00,2
2025-01-08T06:00,1.2,84,0.00,71
2025-01-08T07:00,1.1,84,0.00,71
2025-01-08T08:00,1.1,82,0.00,2
2025-01-08T09:00,1.0,82,0.00,2
2025-01-08T10:00,1.2,81,0.00,2
2025-01-08T11:00,1.8,75,0.00,2
2025-01-08T12:00,2.2,73,0.00,2
2025-01-08T13:00,2.3,73,0.00,3
2025-01-08T14:00,2.6,68,0.00,3
2025-01-08T15:00,2.4,72,0.00,3
2025-01-08T16:00,1.7,78,0.00,3
2025-01-08T17:00,1.0,83,0.00,3
2025-01-08T18:00,0.8,83,0.00,3
2025-01-08T19:00,0.8,83,0.00,3
2025-01-08T20:00,0.3,88,0.00,3
2025-01-08T21:00,0.2,89,0.00,3
2025-01-08T22:00,0.6,90,0.00,71
2025-01-08T23:00,0.1,98,0.00,71
2025-01-09T00:00,-0.1,99,0.00,73
2025-01-09T01:00,-0.2,98,0.00,73
2025-01-09T02:00,-0.3,99,0.00,71
2025-01-09T03:00,-0.4,98,0.00,77
2025-01-09T04:00,-0.3,98,0.90,71
2025-01-09T05:00,-0.2,99,0.00,57
2025-01-09T06:00,-0.1,99,0.00,51
2025-01-09T07:00,-0.1,100,0.10,61
2025-01-09T08:00,0.5,97,0.20,53
2025-01-09T09:00,1.1,97,0.90,61
2025-01-09T10:00,1.1,95,0.40,61
2025-01-09T11:00,1.3,95,0.40,61
2025-01-09T12:00,1.3,96,2.60,63
2025-01-09T13:00,1.4,99,2.10,61
2025-01-09T14:00,1.0,97,1.20,61
2025-01-09T15:00,-0.1,97,0.20,73
2025-01-09T16:00,-0.2,95,0.00,73
2025-01-09T17:00,-0.6,94,0.00,73
2025-01-09T18:00,-0.7,94,0.00,71
2025-01-09T19:00,-0.6,94,0.00,71
2025-01-09T20:00,-0.4,93,0.00,71
2025-01-09T21:00,-0.1,93,0.00,77
2025-01-09T22:00,0.1,90,0.00,85
2025-01-09T23:00,0.1,89,0.00,85
2025-01-10T00:00,-0.0,88,0.00,85
2025-01-10T01:00,0.1,87,0.00,3
2025-01-10T02:00,-0.1,87,0.00,2
2025-01-10T03:00,-0.2,88,0.00,3
2025-01-10T04:00,-0.0,87,0.00,3
2025-01-10T05:00,-0.3,84,0.00,2
2025-01-10T06:00,-0.7,81,0.00,2
2025-01-10T07:00,-0.7,82,0.00,85
2025-01-10T08:00,-0.5,85,0.00,2
2025-01-10T09:00,-0.4,88,0.00,85
2025-01-10T10:00,0.2,88,0.00,3
2025-01-10T11:00,0.4,85,0.00,2
2025-01-10T12:00,0.5,84,0.00,2
2025-01-10T13:00,1.0,78,0.00,2
2025-01-10T14:00,0.8,79,0.00,3
2025-01-10T15:00,0.7,77,0.00,3
2025-01-10T16:00,0.8,76,0.00,3
2025-01-10T17:00,0.3,79,0.00,71
2025-01-10T18:00,0.1,83,0.00,71
2025-01-10T19:00,-0.2,86,0.00,71
2025-01-10T20:00,-0.3,84,0.00,71
2025-01-10T21:00,-0.5,89,0.00,71
2025-01-10T22:00,-0.2,92,0.00,85
2025-01-10T23:00,-0.1,92,0.00,71
2025-01-11T00:00,-0.1,93,0.00,71
2025-01-11T01:00,-0.0,93,0.00,71
2025-01-11T02:00,-0.3,92,0.00,71
2025-01-11T03:00,-0.8,90,0.00,2
2025-01-11T04:00,-1.2,82,0.00,1
2025-01-11T05:00,-1.9,89,0.00,2
2025-01-11T06:00,-2.2,91,0.00,2
2025-01-11T07:00,-2.3,90,0.00,2
2025-01-11T08:00,-2.7,90,0.00,2
2025-01-11T09:00,-2.7,88,0.00,2
2025-01-11T10:00,-2.1,87,0.00,3
2025-01-11T11:00,-1.2,89,0.00,3
2025-01-11T12:00,-0.7,89,0.00,71
2025-01-11T13:00,-0.4,90,0.00,77
2025-01-11T14:00,-0.2,88,0.00,3
2025-01-11T15:00,-0.4,90,0.00,71
2025-01-11T16:00,-0.3,90,0.00,71
2025-01-11T17:00,-0.4,93,0.00,71
2025-01-11T18:00,-0.4,91,0.00,77
2025-01-11T19:00,-0.4,90,0.00,77
2025-01-11T20:00,-0.4,90,0.00,3
2025-01-11T21:00,-0.6,86,0.00,2
2025-01-11T22:00,-0.9,77,0.00,2
2025-01-11T23:00,-1.4,81,0.00,2
2025-01-12T00:00,-1.8,86,0.00,2
2025-01-12T01:00,-1.8,89,0.00,2
2025-01-12T02:00,-2.1,89,0.00,2
2025-01-12T03:00,-2.4,89,0.00,2
2025-01-12T04:00,-2.4,88,0.00,2
2025-01-12T05:00,-2.6,88,0.00,2
2025-01-12T06:00,-2.7,87,0.00,2
2025-01-12T07:00,-2.4,87,0.00,3
2025-01-12T08:00,-2.4,90,0.00,3
2025-01-12T09:00,-2.4,91,0.00,3
2025-01-12T10:00,-1.8,88,0.00,2
2025-01-12T11:00,-1.6,88,0.00,3
2025-01-12T12:00,-1.4,87,0.00,3
2025-01-12T13:00,-0.7,83,0.00,2
2025-01-12T14:00,-0.6,82,0.00,2
2025-01-12T15:00,-0.7,81,0.00,1
2025-01-12T16:00,-1.1,79,0.00,0
2025-01-12T17:00,-1.9,82,0.00,0
2025-01-12T18:00,-2.2,86,0.00,0
2025-01-12T19:00,-3.0,88,0.00,3
2025-01-12T20:00,-3.1,88,0.00,1
2025-01-12T21:00,-3.4,89,0.00,0
2025-01-12T22:00,-4.5,92,0.00,0
2025-01-12T23:00,-4.9,93,0.00,1
2025-01-13T00:00,-5.9,96,0.00,45
2025-01-13T01:00,-6.2,97,0.00,45
2025-01-13T02:00,-6.3,99,0.00,45
2025-01-13T03:00,-6.8,100,0.00,45
2025-01-13T04:00,-7.0,99,0.00,45
2025-01-13T05:00,-6.6,100,0.00,45
2025-01-13T06:00,-5.9,99,0.00,45
2025-01-13T07:00,-4.8,96,0.00,45
2025-01-13T08:00,-4.5,96,0.00,45
2025-01-13T09:00,-4.4,96,0.00,45
2025-01-13T10:00,-4.0,94,0.00,3
2025-01-13T11:00,-3.3,87,0.00,3
2025-01-13T12:00,-2.9,86,0.00,3
2025-01-13T13:00,-2.5,84,0.00,2
2025-01-13T14:00,-2.4,83,0.00,3
2025-01-13T15:00,-2.5,82,0.00,3
2025-01-13T16:00,-2.8,78,0.00,3
2025-01-13T17:00,-3.6,81,0.00,1
2025-01-13T18:00,-4.8,84,0.00,2
2025-01-13T19:00,-5.1,88,0.00,3
2025-01-13T20:00,-6.1,89,0.00,3
2025-01-13T21:00,-6.2,90,0.00,3
2025-01-13T22:00,-5.2,93,0.00,3
2025-01-13T23:00,-5.7,95,0.00,3
2025-01-14T00:00,-5.5,90,0.00,3
2025-01-14T01:00,-6.3,95,0.00,3
2025-01-14T02:00,-6.5,92,0.00,2
2025-01-14T03:00,-6.4,92,0.00,2
2025-01-14T04:00,-7.7,94,0.00,2
2025-01-14T05:00,-7.0,88,0.00,2
2025-01-14T06:00,-6.5,85,0.00,2
2025-01-14T07:00,-7.6,87,0.00,3
2025-01-14T08:00,-7.0,84,0.00,2
2025-01-14T09:00,-6.3,82,0.00,2
2025-01-14T10:00,-5.3,82,0.00,1
2025-01-14T11:00,-3.3,79,0.00,3
2025-01-14T12:00,-1.9,73,0.00,3
2025-01-14T13:00,-0.7,74,0.00,3
2025-01-14T14:00,0.3,70,0.00,3
2025-01-14T15:00,0.1,72,0.00,2
2025-01-14T16:00,0.8,66,0.00,3
2025-01-14T17:00,0.3,69,0.00,3
2025-01-14T18:00,0.5,71,0.00,3
2025-01-14T19:00,1.1,67,0.00,3
2025-01-14T20:00,1.3,69,0.00,3
2025-01-14T21:00,1.0,77,0.00,3
2025-01-14T22:00,0.8,85,0.00,3
2025-01-14T23:00,0.8,90,0.00,51
2025-01-15T00:00,0.8,95,0.00,3
2025-01-15T01:00,0.3,100,0.00,3
2025-01-15T02:00,0.3,100,0.00,45
2025-01-15T03:00,0.5,100,0.00,45
2025-01-15T04:00,0.4,100,0.00,45
2025-01-15T05:00,0.7,100,0.00,3
2025-01-15T06:00,0.9,100,0.00,3
2025-01-15T07:00,1.0,99,0.00,51
2025-01-15T08:00,1.1,99,0.00,51
2025-01-15T09:00,1.1,100,0.00,3
2025-01-15T10:00,1.4,100,0.00,45
2025-01-15T11:00,1.5,100,0.00,45
2025-01-15T12:00,1.7,100,0.00,3
2025-01-15T13:00,1.9,98,0.00,45
2025-01-15T14:00,2.3,97,0.00,3
2025-01-15T15:00,2.0,98,0.00,3
2025-01-15T16:00,1.9,98,0.00,3
2025-01-15T17:00,1.8,99,0.00,3
2025-01-15T18:00,1.7,99,0.00,3
2025-01-15T19:00,1.7,100,0.00,3
2025-01-15T20:00,1.6,100,0.00,3
2025-01-15T21:00,1.6,100,0.00,45
2025-01-15T22:00,1.2,100,0.00,45
2025-01-15T23:00,0.7,100,0.00,45
2025-01-16T00:00,0.7,100,0.00,45
2025-01-16T01:00,0.4,100,0.00,45
2025-01-16T02:00,0.3,100,0.00,45
2025-01-16T03:00,0.4,100,0.00,45
2025-01-16T04:00,0.5,100,0.00,45
2025-01-16T05:00,0.5,100,0.00,45
2025-01-16T06:00,0.5,100,0.00,45
2025-01-16T07:00,1.0,94,0.00,45
2025-01-16T08:00,0.9,95,0.00,3
2025-01-16T09:00,1.0,94,0.00,3
2025-01-16T10:00,1.0,94,0.00,3
2025-01-16T11:00,1.5,90,0.00,3
2025-01-16T12:00,1.8,90,0.00,3
2025-01-16T13:00,1.2,93,0.00,3
2025-01-16T14:00,1.3,91,0.00,3
2025-01-16T15:00,1.3,92,0.00,3
2025-01-16T16:00,-0.1,100,0.00,3
2025-01-16T17:00,-0.2,99,0.00,45
2025-01-16T18:00,-0.1,98,0.00,45
2025-01-16T19:00,-0.3,99,0.00,45
2025-01-16T20:00,-0.4,99,0.00,45
2025-01-16T21:00,-0.6,99,0.00,45
2025-01-16T22:00,-1.0,100,0.00,45
2025-01-16T23:00,-1.1,100,0.00,45
2025-01-17T00:00,-1.1,100,0.00,45
2025-01-17T01:00,-1.9,100,0.00,45
2025-01-17T02:00,-2.0,100,0.00,45
2025-01-17T03:00,-2.1,100,0.00,45
2025-01-17T04:00,-2.6,100,0.00,45
2025-01-17T05:00,-2.9,100,0.00,45
2025-01-17T06:00,-2.9,100,0.00,45
2025-01-17T07:00,-3.1,100,0.00,45
2025-01-17T08:00,-3.2,100,0.00,45
2025-01-17T09:00,-3.4,100,0.00,45
2025-01-17T10:00,-3.6,100,0.00,45
2025-01-17T11:00,-2.9,99,0.00,45
2025-01-17T12:00,-1.9,96,0.00,45
2025-01-17T13:00,-1.0,96,0.00,45
2025-01-17T14:00,-0.2,93,0.00,1
2025-01-17T15:00,0.1,93,0.00,1
2025-01-17T16:00,-1.0,96,0.00,1
2025-01-17T17:00,-1.5,97,0.00,45
2025-01-17T18:00,-2.4,100,0.00,45
2025-01-17T19:00,-2.9,100,0.00,45
2025-01-17T20:00,-3.0,100,0.00,45
2025-01-17T21:00,-3.3,100,0.00,45
2025-01-17T22:00,-2.9,100,0.00,45
2025-01-17T23:00,-2.9,100,0.00,45
2025-01-18T00:00,-3.3,100,0.00,45
2025-01-18T01:00,-3.8,100,0.00,45
2025-01-18T02:00,-4.2,100,0.00,45
2025-01-18T03:00,-4.3,100,0.00,45
2025-01-18T04:00,-4.9,100,0.00,45
2025-01-18T05:00,-3.9,100,0.00,45
2025-01-18T06:00,-4.1,100,0.00,45
2025-01-18T07:00,-4.1,100,0.00,45
2025-01-18T08:00,-4.1,100,0.00,45
2025-01-18T09:00,-4.1,100,0.00,45
2025-01-18T10:00,-3.9,100,0.00,45
2025-01-18T11:00,-3.0,100,0.00,45
2025-01-18T12:00,-2.3,97,0.00,45
2025-01-18T13:00,-0.4,89,0.00,0
2025-01-18T14:00,0.7,84,0.00,0
2025-01-18T15:00,1.0,83,0.00,0
2025-01-18T16:00,0.2,88,0.00,0
2025-01-18T17:00,0.2,88,0.00,0
2025-01-18T18:00,0.0,88,0.00,0
2025-01-18T19:00,-1.2,96,0.00,0
2025-01-18T20:00,-1.6,95,0.00,1
2025-01-18T21:00,-2.6,100,0.00,45
2025-01-18T22:00,-3.5,100,0.00,45
2025-01-18T23:00,-3.4,100,0.00,45
2025-01-19T00:00,-3.3,100,0.00,45
2025-01-19T01:00,-3.8,100,0.00,45
2025-01-19T02:00,-3.8,100,0.00,48
2025-01-19T03:00,-3.7,100,0.00,45
2025-01-19T04:00,-3.8,100,0.00,45
2025-01-19T05:00,-4.0,100,0.00,45
2025-01-19T06:00,-3.9,100,0.00,45
2025-01-19T07:00,-4.0,100,0.00,45
2025-01-19T08:00,-3.9,100,0.00,45
2025-01-19T09:00,-3.9,100,0.00,45
2025-01-19T10:00,-3.2,100,0.00,45
2025-01-19T11:00,-2.2,97,0.00,45
2025-01-19T12:00,-1.0,93,0.00,1
2025-01-19T13:00,0.0,89,0.00,0
2025-01-19T14:00,0.9,85,0.00,0
2025-01-19T15:00,1.3,84,0.00,0
2025-01-19T16:00,0.4,86,0.00,0
2025-01-19T17:00,0.1,87,0.00,0
2025-01-19T18:00,-0.2,87,0.00,0
2025-01-19T19:00,-1.4,96,0.00,0
2025-01-19T20:00,-2.0,98,0.00,45
2025-01-19T21:00,-2.7,100,0.00,45
2025-01-19T22:00,-3.1,100,0.00,45
2025-01-19T23:00,-3.1,100,0.00,45
2025-01-20T00:00,-2.8,100,0.00,45
2025-01-20T01:00,-3.3,100,0.00,45
2025-01-20T02:00,-3.4,100,0.00,45
2025-01-20T03:00,-3.3,100,0.00,45
2025-01-20T04:00,-4.0,100,0.00,45
2025-01-20T05:00,-3.8,100,0.00,45
2025-01-20T06:00,-3.3,100,0.00,45
2025-01-20T07:00,-3.1,99,0.00,2
2025-01-20T08:00,-2.2,92,0.00,2
2025-01-20T09:00,-1.6,90,0.00,1
2025-01-20T10:00,-1.0,92,0.00,2
2025-01-20T11:00,0.1,87,0.00,1
2025-01-20T12:00,0.6,92,0.00,3
2025-01-20T13:00,3.0,82,0.00,3
2025-01-20T14:00,3.6,77,0.00,3
2025-01-20T15:00,3.1,79,0.00,3
2025-01-20T16:00,2.2,85,0.00,1
2025-01-20T17:00,0.6,93,0.00,3
2025-01-20T18:00,-0.1,94,0.00,3
2025-01-20T19:00,-0.8,95,0.00,3
2025-01-20T20:00,-1.1,94,0.00,3
2025-01-20T21:00,-1.3,94,0.00,48
2025-01-20T22:00,-1.6,96,0.00,48
2025-01-20T23:00,-1.8,96,0.00,48
2025-01-21T00:00,-2.1,96,0.00,45
2025-01-21T01:00,-2.7,99,0.00,45
2025-01-21T02:00,-3.1,100,0.00,45
2025-01-21T03:00,-3.5,100,0.00,48
2025-01-21T04:00,-3.5,97,0.00,48
2025-01-21T05:00,-3.5,97,0.00,45
2025-01-21T06:00,-3.8,97,0.00,45
2025-01-21T07:00,-4.1,98,0.00,45
2025-01-21T08:00,-4.9,100,0.00,45
2025-01-21T09:00,-5.4,100,0.00,45
2025-01-21T10:00,-4.8,100,0.00,45
2025-01-21T11:00,-3.8,100,0.00,45
2025-01-21T12:00,-2.2,94,0.00,45
2025-01-21T13:00,1.4,78,0.00,1
2025-01-21T14:00,3.1,68,0.00,0
2025-01-21T15:00,3.4,67,0.00,0
2025-01-21T16:00,2.9,68,0.00,0
2025-01-21T17:00,2.3,67,0.00,0
2025-01-21T18:00,1.9,69,0.00,0
2025-01-21T19:00,0.7,79,0.00,1
2025-01-21T20:00,-0.4,87,0.00,0
2025-01-21T21:00,-1.4,92,0.00,1
2025-01-21T22:00,-1.1,92,0.00,0
2025-01-21T23:00,-2.4,100,0.00,45
2025-01-22T00:00,-2.9,100,0.00,45
2025-01-22T01:00,-3.8,100,0.00,45
2025-01-22T02:00,-3.8,100,0.00,45
2025-01-22T03:00,-3.8,100,0.00,45
2025-01-22T04:00,-3.8,100,0.00,45
2025-01-22T05:00,-4.3,100,0.00,45
2025-01-22T06:00,-4.7,100,0.00,45
2025-01-22T07:00,-4.7,100,0.00,45
2025-01-22T08:00,-5.2,100,0.00,45
2025-01-22T09:00,-4.9,100,0.00,45
2025-01-22T10:00,-4.4,100,0.00,45
2025-01-22T11:00,-3.3,97,0.00,45
2025-01-22T12:00,-2.2,92,0.00,3
2025-01-22T13:00,-0.7,87,0.00,3
2025-01-22T14:00,0.5,81,0.00,1
2025-01-22T15:00,0.9,81,0.00,3
2025-01-22T16:00,0.9,81,0.00,3
2025-01-22T17:00,0.9,81,0.00,3
2025-01-22T18:00,0.8,82,0.00,3
2025-01-22T19:00,1.5,78,0.00,3
2025-01-22T20:00,1.0,83,0.00,3
2025-01-22T21:00,0.5,87,0.00,3
2025-01-22T22:00,0.6,88,0.00,3
2025-01-22T23:00,0.4,90,0.00,3
2025-01-23T00:00,0.5,90,0.00,3
2025-01-23T01:00,0.6,90,0.00,3
2025-01-23T02:00,0.7,89,0.00,3
2025-01-23T03:00,0.9,90,0.00,3
2025-01-23T04:00,2.3,86,0.30,61
2025-01-23T05:00,2.5,88,0.50,61
2025-01-23T06:00,3.3,87,0.70,61
2025-01-23T07:00,3.8,87,0.10,61
2025-01-23T08:00,3.7,89,0.30,61
2025-01-23T09:00,2.8,90,1.30,61
2025-01-23T10:00,2.1,90,1.30,61
2025-01-23T11:00,2.5,89,0.60,55
2025-01-23T12:00,3.5,83,0.00,2
2025-01-23T13:00,3.9,79,0.00,2
2025-01-23T14:00,4.0,81,0.00,3
2025-01-23T15:00,3.8,80,0.00,61
2025-01-23T16:00,3.5,79,0.00,3
2025-01-23T17:00,3.0,80,0.00,3
2025-01-23T18:00,2.6,81,0.00,3
2025-01-23T19:00,2.6,80,0.00,3
2025-01-23T20:00,2.1,85,0.00,3
2025-01-23T21:00,1.7,82,0.00,3
2025-01-23T22:00,2.2,79,0.00,3
2025-01-23T23:00,1.8,84,0.00,3
2025-01-24T00:00,1.9,82,0.00,3
2025-01-24T01:00,2.1,89,0.70,61
2025-01-24T02:00,2.3,89,0.10,61
2025-01-24T03:00,2.5,88,0.00,3
2025-01-24T04:00,2.5,88,0.00,3
2025-01-24T05:00,2.8,88,0.00,3
2025-01-24T06:00,2.8,90,0.00,3
2025-01-24T07:00,3.0,91,0.00,3
2025-01-24T08:00,3.0,92,0.00,3
2025-01-24T09:00,3.1,92,0.00,3
2025-01-24T10:00,4.2,91,0.00,3
2025-01-24T11:00,4.9,87,0.00,3
2025-01-24T12:00,5.8,83,0.00,3
2025-01-24T13:00,6.0,82,0.10,61
2025-01-24T14:00,5.9,81,0.20,61
2025-01-24T15:00,6.1,80,0.00,61
2025-01-24T16:00,6.6,74,0.70,61
2025-01-24T17:00,7.0,71,0.30,61
2025-01-24T18:00,6.9,73,0.40,61
2025-01-24T19:00,7.5,69,0.10,61
2025-01-24T20:00,7.4,72,0.00,3
2025-01-24T21:00,7.1,76,0.00,61
2025-01-24T22:00,7.4,79,0.30,61
2025-01-24T23:00,7.3,82,0.00,61
2025-01-25T00:00,7.3,85,0.10,61
2025-01-25T01:00,7.3,88,0.10,61
2025-01-25T02:00,7.3,88,0.00,3
2025-01-25T03:00,7.5,83,0.00,61
2025-01-25T04:00,7.8,80,0.80,61
2025-01-25T05:00,7.8,81,0.80,61
2025-01-25T06:00,8.0,82,0.30,61
2025-01-25T07:00,8.2,83,0.80,61
2025-01-25T08:00,7.7,83,0.70,61
2025-01-25T09:00,7.7,79,0.10,61
2025-01-25T10:00,8.4,71,0.00,3
2025-01-25T11:00,9.2,65,0.00,3
2025-01-25T12:00,9.8,66,0.00,3
2025-01-25T13:00,11.4,65,0.00,3
2025-01-25T14:00,12.0,60,0.00,3
2025-01-25T15:00,11.8,65,0.00,3
2025-01-25T16:00,11.7,68,0.00,3
2025-01-25T17:00,10.8,73,0.00,3
2025-01-25T18:00,8.8,81,0.00,3
2025-01-25T19:00,8.0,89,0.00,3
2025-01-25T20:00,7.4,91,0.00,3
2025-01-25T21:00,7.0,92,0.10,61
2025-01-25T22:00,6.8,98,1.10,61
2025-01-25T23:00,6.5,98,1.20,61
2025-01-26T00:00,6.5,98,2.10,61
2025-01-26T01:00,6.3,94,3.10,63
2025-01-26T02:00,5.7,92,0.70,61
2025-01-26T03:00,5.4,93,0.40,61
2025-01-26T04:00,4.9,94,2.40,61
2025-01-26T05:00,5.0,95,0.10,61
2025-01-26T06:00,5.1,96,0.10,61
2025-01-26T07:00,5.1,99,0.00,3
2025-01-26T08:00,6.3,91,0.00,3
2025-01-26T09:00,7.6,83,0.00,3
2025-01-26T10:00,7.6,83,0.00,3
2025-01-26T11:00,7.5,76,0.00,80
2025-01-26T12:00,7.2,75,0.00,80
2025-01-26T13:00,6.6,78,0.00,3
2025-01-26T14:00,6.3,78,0.00,3
2025-01-26T15:00,6.0,79,0.00,3
2025-01-26T16:00,5.6,79,0.00,2
2025-01-26T17:00,5.1,82,0.00,3
2025-01-26T18:00,4.8,86,0.00,3
2025-01-26T19:00,4.7,82,0.00,3
2025-01-26T20:00,3.9,80,0.00,3
2025-01-26T21:00,3.2,79,0.00,2
2025-01-26T22:00,3.1,79,0.00,3
2025-01-26T23:00,2.7,81,0.00,3
2025-01-27T00:00,3.3,76,0.00,3
2025-01-27T01:00,4.3,74,0.30,61
2025-01-27T02:00,4.6,75,0.10,61
2025-01-27T03:00,5.0,73,0.00,3
2025-01-27T04:00,5.4,73,0.00,3
2025-01-27T05:00,4.7,81,0.80,61
2025-01-27T06:00,4.5,87,1.50,61
2025-01-27T07:00,5.7,86,0.30,61
2025-01-27T08:00,6.5,86,0.00,61
2025-01-27T09:00,6.8,84,0.00,3
2025-01-27T10:00,7.6,88,0.00,3
2025-01-27T11:00,8.6,85,0.00,3
2025-01-27T12:00,8.8,83,0.00,61
2025-01-27T13:00,9.1,83,0.20,61
2025-01-27T14:00,9.2,82,0.00,3
2025-01-27T15:00,9.6,82,0.00,2
2025-01-27T16:00,8.5,84,0.40,61
2025-01-27T17:00,8.0,77,0.30,61
2025-01-27T18:00,7.5,87,1.30,61
2025-01-27T19:00,7.4,86,0.00,61
2025-01-27T20:00,6.0,93,0.00,3
2025-01-27T21:00,6.2,91,0.00,61
2025-01-27T22:00,7.0,88,0.00,80
2025-01-27T23:00,6.9,82,0.00,3
2025-01-28T00:00,6.6,83,0.00,80
2025-01-28T01:00,6.7,87,0.10,61
2025-01-28T02:00,6.7,87,0.00,3
2025-01-28T03:00,6.2,87,0.00,3
2025-01-28T04:00,5.5,88,0.00,3
2025-01-28T05:00,5.2,87,0.00,3
2025-01-28T06:00,5.2,87,0.00,3
2025-01-28T07:00,4.9,87,0.00,3
2025-01-28T08:00,5.1,85,0.00,3
2025-01-28T09:00,4.8,87,0.00,3
2025-01-28T10:00,5.2,88,0.00,3
2025-01-28T11:00,6.1,85,0.00,3
2025-01-28T12:00,6.6,84,0.00,3
2025-01-28T13:00,7.0,82,0.00,3
2025-01-28T14:00,7.2,81,0.00,3
2025-01-28T15:00,7.0,83,0.00,3
2025-01-28T16:00,6.9,82,0.00,3
2025-01-28T17:00,5.9,86,0.00,3
2025-01-28T18:00,4.9,89,0.00,3
2025-01-28T19:00,4.1,89,0.00,3
2025-01-28T20:00,3.3,93,0.00,3
2025-01-28T21:00,3.6,92,0.00,61
2025-01-28T22:00,3.9,88,0.00,3
2025-01-28T23:00,4.2,87,0.00,3
2025-01-29T00:00,3.8,90,0.00,3
2025-01-29T01:00,5.4,83,0.00,2
2025-01-29T02:00,4.8,86,0.00,2
2025-01-29T03:00,4.9,86,0.00,61
2025-01-29T04:00,5.4,87,0.10,61
2025-01-29T05:00,5.5,85,0.00,61
2025-01-29T06:00,5.7,84,0.00,80
2025-01-29T07:00,5.9,83,0.70,61
2025-01-29T08:00,5.7,86,0.80,61
2025-01-29T09:00,6.1,81,0.00,80
2025-01-29T10:00,6.6,81,0.00,3
2025-01-29T11:00,6.8,77,0.00,2
2025-01-29T12:00,7.0,70,0.00,3
2025-01-29T13:00,6.7,71,0.00,3
2025-01-29T14:00,6.5,70,0.00,3
2025-01-29T15:00,6.4,73,0.00,3
2025-01-29T16:00,6.4,76,0.00,80
2025-01-29T17:00,6.0,78,0.00,80
2025-01-29T18:00,5.4,82,0.00,3
2025-01-29T19:00,5.2,85,0.00,3
2025-01-29T20:00,5.1,86,0.00,2
2025-01-29T21:00,4.8,86,0.00,3
2025-01-29T22:00,5.1,84,0.00,3
2025-01-29T23:00,4.5,84,0.00,0
2025-01-30T00:00,3.9,87,0.00,2
2025-01-30T01:00,3.5,87,0.00,2
2025-01-30T02:00,3.6,87,0.00,3
2025-01-30T03:00,3.7,87,0.00,3
2025-01-30T04:00,3.9,87,0.00,61
2025-01-30T05:00,4.0,86,0.00,61
2025-01-30T06:00,3.7,88,0.00,3
2025-01-30T07:00,2.7,96,0.00,3
2025-01-30T08:00,2.5,97,0.00,61
2025-01-30T09:00,2.6,97,0.00,61
2025-01-30T10:00,3.1,98,0.00,3
2025-01-30T11:00,3.9,96,0.00,3
2025-01-30T12:00,4.7,94,0.00,3
2025-01-30T13:00,5.9,85,0.00,3
2025-01-30T14:00,6.4,83,0.00,3
2025-01-30T15:00,6.7,78,0.00,3
2025-01-30T16:00,6.7,78,0.00,2
2025-01-30T17:00,5.9,85,0.00,3
2025-01-30T18:00,5.8,86,0.00,3
2025-01-30T19:00,6.1,85,0.00,3
2025-01-30T20:00,5.8,89,0.10,80
2025-01-30T21:00,3.5,91,0.10,61
2025-01-30T22:00,2.2,91,0.50,61
2025-01-30T23:00,0.5,96,0.90,61
2025-01-31T00:00,0.9,96,0.10,61
2025-01-31T01:00,1.6,95,0.00,61
2025-01-31T02:00,1.8,93,0.00,2
2025-01-31T03:00,1.8,92,0.00,2
2025-01-31T04:00,1.6,93,0.00,2
2025-01-31T05:00,1.5,93,0.00,2
2025-01-31T06:00,1.5,92,0.00,3
2025-01-31T07:00,1.6,91,0.00,2
2025-01-31T08:00,1.2,90,0.00,1
2025-01-31T09:00,0.9,89,0.00,1
2025-01-31T10:00,1.7,86,0.00,2
2025-01-31T11:00,2.7,77,0.00,2
2025-01-31T12:00,3.3,74,0.00,2
2025-01-31T13:00,3.4,75,0.00,3
2025-01-31T14:00,3.6,72,0.00,2
2025-01-31T15:00,3.5,72,0.00,2
2025-01-31T16:00,3.4,71,0.00,2
2025-01-31T17:00,2.5,75,0.00,2
2025-01-31T18:00,1.6,87,0.00,1
2025-01-31T19:00,0.7,81,0.00,1
2025-01-31T20:00,0.0,85,0.00,1
2025-01-31T21:00,-0.5,86,0.00,2
2025-01-31T22:00,-1.6,90,0.00,0
2025-01-31T23:00,-2.3,92,0.00,0
2025-02-01T00:00,-2.4,90,0.00,0
2025-02-01T01:00,-3.0,94,0.00,0
2025-02-01T02:00,-3.5,97,0.00,45
2025-02-01T03:00,-3.1,94,0.00,1
2025-02-01T04:00,-3.6,100,0.00,1
2025-02-01T05:00,-4.0,100,0.00,45
2025-02-01T06:00,-4.2,100,0.00,45
2025-02-01T07:00,-3.8,100,0.00,45
2025-02-01T08:00,-3.9,100,0.00,45
2025-02-01T09:00,-3.5,99,0.00,45
2025-02-01T10:00,-1.3,89,0.00,2
2025-02-01T11:00,0.4,84,0.00,1
2025-02-01T12:00,1.8,82,0.00,1
2025-02-01T13:00,2.7,72,0.00,1
2025-02-01T14:00,2.7,66,0.00,2
2025-02-01T15:00,2.5,68,0.00,2
2025-02-01T16:00,2.0,71,0.00,2
2025-02-01T17:00,0.9,78,0.00,1
2025-02-01T18:00,0.0,84,0.00,1
2025-02-01T19:00,-0.9,87,0.00,1
2025-02-01T20:00,-1.2,87,0.00,0
2025-02-01T21:00,-1.7,91,0.00,0
2025-02-01T22:00,-2.4,91,0.00,0
2025-02-01T23:00,-2.7,93,0.00,0
2025-02-02T00:00,-3.1,96,0.00,1
2025-02-02T01:00,-3.8,99,0.00,45
2025-02-02T02:00,-4.0,99,0.00,2
2025-02-02T03:00,-3.9,96,0.00,2
2025-02-02T04:00,-4.5,95,0.00,45
2025-02-02T05:00,-4.4,95,0.00,0
2025-02-02T06:00,-4.4,93,0.00,0
2025-02-02T07:00,-5.2,98,0.00,3
2025-02-02T08:00,-5.4,100,0.00,45
2025-02-02T09:00,-6.0,100,0.00,45
2025-02-02T10:00,-3.9,88,0.00,2
2025-02-02T11:00,-2.0,80,0.00,0
2025-02-02T12:00,-0.7,76,0.00,3
2025-02-02T13:00,1.0,75,0.00,2
2025-02-02T14:00,1.9,71,0.00,1
2025-02-02T15:00,2.2,65,0.00,0
2025-02-02T16:00,1.9,69,0.00,2
2025-02-02T17:00,0.5,80,0.00,1
2025-02-02T18:00,-0.2,84,0.00,2
2025-02-02T19:00,-1.4,90,0.00,3
2025-02-02T20:00,-1.7,92,0.00,1
2025-02-02T21:00,-2.2,94,0.00,2
2025-02-02T22:00,-3.1,98,0.00,1
2025-02-02T23:00,-3.2,97,0.00,45
2025-02-03T00:00,-3.2,97,0.00,45
2025-02-03T01:00,-3.3,94,0.00,45
2025-02-03T02:00,-3.5,95,0.00,0
2025-02-03T03:00,-3.9,95,0.00,1
2025-02-03T04:00,-4.7,95,0.00,1
2025-02-03T05:00,-4.2,92,0.00,1
2025-02-03T06:00,-4.6,93,0.00,1
2025-02-03T07:00,-4.3,93,0.00,45
2025-02-03T08:00,-6.3,100,0.00,45
2025-02-03T09:00,-5.6,100,0.00,45
2025-02-03T10:00,-4.2,91,0.00,45
2025-02-03T11:00,-2.4,83,0.00,2
2025-02-03T12:00,-0.6,75,0.00,0
2025-02-03T13:00,2.1,70,0.00,2
2025-02-03T14:00,2.9,69,0.00,3
2025-02-03T15:00,3.2,71,0.00,3
2025-02-03T16:00,3.0,72,0.00,2
2025-02-03T17:00,1.8,79,0.00,0
2025-02-03T18:00,0.5,86,0.00,0
2025-02-03T19:00,-1.9,100,0.00,0
2025-02-03T20:00,-2.8,100,0.00,45
2025-02-03T21:00,-2.7,99,0.00,45
2025-02-03T22:00,-3.2,100,0.00,45
2025-02-03T23:00,-4.0,100,0.00,45
2025-02-04T00:00,-3.9,100,0.00,45
2025-02-04T01:00,-4.4,100,0.00,45
2025-02-04T02:00,-4.7,100,0.00,45
2025-02-04T03:00,-4.6,100,0.00,45
2025-02-04T04:00,-4.7,100,0.00,45
2025-02-04T05:00,-4.1,100,0.00,45
2025-02-04T06:00,-4.5,100,0.00,45
2025-02-04T07:00,-4.7,100,0.00,45
2025-02-04T08:00,-4.8,100,0.00,45
2025-02-04T09:00,-4.8,100,0.00,45
2025-02-04T10:00,-3.5,95,0.00,45
2025-02-04T11:00,-2.6,89,0.00,2
2025-02-04T12:00,-0.9,78,0.00,0
2025-02-04T13:00,0.1,78,0.00,0
2025-02-04T14:00,0.8,74,0.00,1
2025-02-04T15:00,1.2,72,0.00,0
2025-02-04T16:00,0.5,74,0.00,0
2025-02-04T17:00,-0.4,82,0.00,0
2025-02-04T18:00,-1.2,85,0.00,0
2025-02-04T19:00,-1.8,91,0.00,0
2025-02-04T20:00,-2.2,91,0.00,0
2025-02-04T21:00,-2.7,91,0.00,0
2025-02-04T22:00,-2.9,88,0.00,0
2025-02-04T23:00,-2.6,86,0.00,1
2025-02-05T00:00,-3.1,90,0.00,1
2025-02-05T01:00,-4.0,94,0.00,0
2025-02-05T02:00,-4.5,97,0.00,48
2025-02-05T03:00,-4.6,97,0.00,48
2025-02-05T04:00,-4.5,96,0.00,1
2025-02-05T05:00,-4.4,95,0.00,1
2025-02-05T06:00,-3.8,93,0.00,3
2025-02-05T07:00,-2.4,89,0.00,3
2025-02-05T08:00,-1.3,89,0.00,3
2025-02-05T09:00,-0.6,90,0.00,3
2025-02-05T10:00,-0.1,92,0.00,3
2025-02-05T11:00,0.4,93,0.00,3
2025-02-05T12:00,0.9,93,0.00,3
2025-02-05T13:00,1.0,93,0.00,3
2025-02-05T14:00,1.5,93,0.00,3
2025-02-05T15:00,1.8,93,0.00,3
2025-02-05T16:00,1.3,96,0.00,3
2025-02-05T17:00,1.1,97,0.00,3
2025-02-05T18:00,1.0,97,0.00,3
2025-02-05T19:00,1.1,97,0.00,3
2025-02-05T20:00,1.0,98,0.00,3
2025-02-05T21:00,1.0,97,0.00,3
2025-02-05T22:00,0.9,97,0.00,3
2025-02-05T23:00,0.7,97,0.00,45
2025-02-06T00:00,0.6,97,0.00,45
2025-02-06T01:00,0.6,98,0.00,45
2025-02-06T02:00,0.6,96,0.00,45
2025-02-06T03:00,0.3,98,0.00,45
2025-02-06T04:00,0.2,98,0.00,45
2025-02-06T05:00,0.1,98,0.00,45
2025-02-06T06:00,0.2,98,0.00,45
2025-02-06T07:00,0.3,99,0.00,45
2025-02-06T08:00,0.0,100,0.00,45
2025-02-06T09:00,0.1,100,0.00,45
2025-02-06T10:00,0.7,98,0.00,45
2025-02-06T11:00,1.8,92,0.00,3
2025-02-06T12:00,2.1,91,0.00,3
2025-02-06T13:00,2.1,94,0.00,3
2025-02-06T14:00,3.2,84,0.00,3
2025-02-06T15:00,3.0,83,0.00,3
2025-02-06T16:00,2.2,90,0.00,3
2025-02-06T17:00,1.7,94,0.00,61
2025-02-06T18:00,1.4,94,0.00,3
2025-02-06T19:00,1.5,95,0.00,3
2025-02-06T20:00,1.0,95,0.00,3
2025-02-06T21:00,0.8,96,0.00,3
2025-02-06T22:00,1.2,96,0.00,3
2025-02-06T23:00,1.2,94,0.00,3
2025-02-07T00:00,1.2,93,0.00,3
2025-02-07T01:00,1.4,87,0.00,3
2025-02-07T02:00,1.2,89,0.00,3
2025-02-07T03:00,0.9,85,0.00,3
2025-02-07T04:00,0.6,91,0.00,3
2025-02-07T05:00,0.4,92,0.00,3
2025-02-07T06:00,0.3,92,0.00,3
2025-02-07T07:00,0.5,88,0.00,3
2025-02-07T08:00,0.3,89,0.00,3
2025-02-07T09:00,0.4,88,0.00,3
2025-02-07T10:00,0.7,82,0.00,3
2025-02-07T11:00,0.6,82,0.00,3
2025-02-07T12:00,1.1,79,0.00,3
2025-02-07T13:00,1.3,78,0.00,3
2025-02-07T14:00,1.5,79,0.00,3
2025-02-07T15:00,1.5,78,0.00,3
2025-02-07T16:00,1.3,79,0.00,3
2025-02-07T17:00,1.1,83,0.00,3
2025-02-07T18:00,0.9,84,0.00,3
2025-02-07T19:00,0.9,84,0.00,3
2025-02-07T20:00,0.8,84,0.00,3
2025-02-07T21:00,0.6,86,0.00,3
2025-02-07T22:00,0.7,87,0.00,3
2025-02-07T23:00,0.5,87,0.00,3
2025-02-08T00:00,0.2,85,0.00,3
2025-02-08T01:00,-0.1,87,0.00,3
2025-02-08T02:00,-0.3,90,0.00,3
2025-02-08T03:00,-0.6,91,0.00,3
2025-02-08T04:00,-0.9,90,0.00,3
2025-02-08T05:00,-1.2,93,0.00,2
2025-02-08T06:00,-1.5,95,0.00,3
2025-02-08T07:00,-1.9,95,0.00,2
2025-02-08T08:00,-2.1,96,0.00,2
2025-02-08T09:00,-2.0,96,0.00,3
2025-02-08T10:00,-1.2,91,0.00,3
2025-02-08T11:00,-0.1,85,0.00,3
2025-02-08T12:00,1.1,78,0.00,0
2025-02-08T13:00,2.4,76,0.00,1
2025-02-08T14:00,3.3,74,0.00,3
2025-02-08T15:00,3.7,72,0.00,2
2025-02-08T16:00,3.7,75,0.00,1
2025-02-08T17:00,2.9,81,0.00,0
2025-02-08T18:00,1.7,81,0.00,0
2025-02-08T19:00,0.6,90,0.00,1
2025-02-08T20:00,0.2,91,0.00,1
2025-02-08T21:00,-0.2,93,0.00,1
2025-02-08T22:00,-0.9,95,0.00,0
2025-02-08T23:00,-0.7,91,0.00,0
2025-02-09T00:00,-1.2,92,0.00,3
2025-02-09T01:00,-1.8,94,0.00,1
2025-02-09T02:00,-2.2,94,0.00,0
2025-02-09T03:00,-2.3,94,0.00,0
2025-02-09T04:00,-2.9,94,0.00,0
2025-02-09T05:00,-3.1,94,0.00,1
2025-02-09T06:00,-3.4,94,0.00,1
2025-02-09T07:00,-3.6,94,0.00,1
2025-02-09T08:00,-3.4,92,0.00,0
2025-02-09T09:00,-3.0,91,0.00,0
2025-02-09T10:00,-1.6,85,0.00,0
2025-02-09T11:00,-0.2,79,0.00,3
2025-02-09T12:00,0.6,76,0.00,3
2025-02-09T13:00,1.2,78,0.00,3
2025-02-09T14:00,1.8,77,0.00,3
2025-02-09T15:00,1.6,79,0.00,3
2025-02-09T16:00,0.9,83,0.00,3
2025-02-09T17:00,0.3,88,0.00,3
2025-02-09T18:00,-0.4,86,0.00,3
2025-02-09T19:00,-0.7,88,0.00,3
2025-02-09T20:00,-0.7,90,0.00,3
2025-02-09T21:00,-0.6,90,0.00,3
2025-02-09T22:00,-0.5,90,0.00,3
2025-02-09T23:00,-0.6,90,0.00,3
2025-02-10T00:00,-0.8,90,0.00,2
2025-02-10T01:00,-0.8,90,0.00,2
2025-02-10T02:00,-0.9,90,0.00,3
2025-02-10T03:00,-1.0,91,0.00,3
2025-02-10T04:00,-1.3,92,0.00,3
2025-02-10T05:00,-1.5,92,0.00,3
2025-02-10T06:00,-1.6,93,0.00,3
2025-02-10T07:00,-1.6,93,0.00,3
2025-02-10T08:00,-1.6,93,0.00,3
2025-02-10T09:00,-1.5,92,0.00,3
2025-02-10T10:00,-1.4,91,0.00,3
2025-02-10T11:00,-0.8,88,0.00,3
2025-02-10T12:00,0.0,85,0.00,3
2025-02-10T13:00,-0.2,87,0.00,3
2025-02-10T14:00,0.1,85,0.00,3
2025-02-10T15:00,0.3,83,0.00,3
2025-02-10T16:00,-0.0,84,0.00,3
2025-02-10T17:00,-0.3,86,0.00,3
2025-02-10T18:00,-0.6,89,0.00,3
2025-02-10T19:00,-0.5,89,0.00,3
2025-02-10T20:00,-0.6,89,0.00,3
2025-02-10T21:00,-0.6,88,0.00,3
2025-02-10T22:00,-0.6,88,0.00,3
2025-02-10T23:00,-0.9,91,0.00,2
2025-02-11T00:00,-1.1,92,0.00,2
2025-02-11T01:00,-1.3,93,0.00,3
2025-02-11T02:00,-1.4,92,0.00,3
2025-02-11T03:00,-1.5,91,0.00,3
2025-02-11T04:00,-1.5,89,0.00,3
2025-02-11T05:00,-1.5,87,0.00,3
2025-02-11T06:00,-1.7,87,0.00,3
2025-02-11T07:00,-1.8,87,0.00,3
2025-02-11T08:00,-2.0,93,0.00,71
2025-02-11T09:00,-2.1,95,0.00,71
2025-02-11T10:00,-1.7,94,0.00,71
2025-02-11T11:00,-1.3,90,0.00,3
2025-02-11T12:00,-1.2,90,0.00,3
2025-02-11T13:00,-1.2,90,0.00,3
2025-02-11T14:00,-0.7,87,0.00,3
2025-02-11T15:00,-0.6,85,0.00,3
2025-02-11T16:00,-0.2,84,0.00,3
2025-02-11T17:00,-0.0,85,0.00,3
2025-02-11T18:00,0.1,89,0.00,3
2025-02-11T19:00,-0.1,95,0.00,3
2025-02-11T20:00,-0.0,94,0.00,3
2025-02-11T21:00,0.1,89,0.00,3
2025-02-11T22:00,0.1,87,0.00,3
2025-02-11T23:00,0.0,87,0.00,3
2025-02-12T00:00,-0.2,90,0.00,2
2025-02-12T01:00,-0.1,87,0.00,2
2025-02-12T02:00,-0.4,88,0.00,2
2025-02-12T03:00,-0.6,88,0.00,3
2025-02-12T04:00,-0.5,85,0.00,2
2025-02-12T05:00,-0.6,85,0.00,3
2025-02-12T06:00,-0.5,86,0.00,3
2025-02-12T07:00,-0.7,85,0.00,3
2025-02-12T08:00,-0.9,85,0.00,2
2025-02-12T09:00,-0.9,84,0.00,3
2025-02-12T10:00,-0.9,84,0.00,3
2025-02-12T11:00,-0.6,83,0.00,3
2025-02-12T12:00,-0.2,84,0.00,3
2025-02-12T13:00,0.1,86,0.00,3
2025-02-12T14:00,0.5,85,0.00,3
2025-02-12T15:00,0.6,86,0.00,61
2025-02-12T16:00,0.0,89,0.00,3
2025-02-12T17:00,-0.3,90,0.00,3
2025-02-12T18:00,-0.6,90,0.00,3
2025-02-12T19:00,-0.9,92,0.00,71
2025-02-12T20:00,-1.0,93,0.00,71
2025-02-12T21:00,-1.1,93,0.00,71
2025-02-12T22:00,-1.3,94,0.00,3
2025-02-12T23:00,-1.3,95,0.00,71
2025-02-13T00:00,-1.3,95,0.00,71
2025-02-13T01:00,-1.5,96,0.00,71
2025-02-13T02:00,-1.5,96,0.00,71
2025-02-13T03:00,-1.4,96,0.00,71
2025-02-13T04:00,-1.3,97,0.00,77
2025-02-13T05:00,-1.2,95,0.00,77
2025-02-13T06:00,-1.3,95,0.00,71
2025-02-13T07:00,-1.9,94,0.00,77
2025-02-13T08:00,-2.3,93,0.00,77
2025-02-13T09:00,-2.6,93,0.00,71
2025-02-13T10:00,-2.6,92,0.00,77
2025-02-13T11:00,-2.6,91,0.00,71
2025-02-13T12:00,-2.6,91,0.00,71
2025-02-13T13:00,-2.8,91,0.00,71
2025-02-13T14:00,-2.5,91,0.00,71
2025-02-13T15:00,-2.4,90,0.00,71
2025-02-13T16:00,-2.9,90,0.00,71
2025-02-13T17:00,-3.2,90,0.00,3
2025-02-13T18:00,-3.5,92,0.00,3
2025-02-13T19:00,-3.4,92,0.00,71
2025-02-13T20:00,-3.2,92,0.00,3
2025-02-13T21:00,-2.9,93,0.00,3
2025-02-13T22:00,-2.9,94,0.00,3
2025-02-13T23:00,-2.9,94,0.00,3
2025-02-14T00:00,-2.7,94,0.00,77
2025-02-14T01:00,-2.3,95,0.00,3
2025-02-14T02:00,-2.2,96,0.00,3
2025-02-14T03:00,-2.3,96,0.00,3
2025-02-14T04:00,-1.7,94,0.00,3
2025-02-14T05:00,-2.0,94,0.00,3
2025-02-14T06:00,-2.2,93,0.00,3
2025-02-14T07:00,-1.5,88,0.00,3
2025-02-14T08:00,-1.7,85,0.00,3
2025-02-14T09:00,-1.6,87,0.00,3
2025-02-14T10:00,-0.8,84,0.00,3
2025-02-14T11:00,-0.7,82,0.00,3
2025-02-14T12:00,-0.3,77,0.00,2
2025-02-14T13:00,0.2,74,0.00,2
2025-02-14T14:00,0.4,72,0.00,3
2025-02-14T15:00,0.2,73,0.00,3
2025-02-14T16:00,0.1,74,0.00,3
2025-02-14T17:00,-0.2,78,0.00,3
2025-02-14T18:00,-0.5,81,0.00,3
2025-02-14T19:00,-0.6,80,0.00,3
2025-02-14T20:00,-0.9,81,0.00,3
2025-02-14T21:00,-1.0,85,0.00,3
2025-02-14T22:00,-1.1,86,0.00,2
2025-02-14T23:00,-1.2,86,0.00,2
2025-02-15T00:00,-1.5,88,0.00,2
2025-02-15T01:00,-1.3,82,0.00,2
2025-02-15T02:00,-1.3,83,0.00,3
2025-02-15T03:00,-1.3,85,0.00,3
2025-02-15T04:00,-1.4,87,0.00,3
2025-02-15T05:00,-1.4,87,0.00,3
2025-02-15T06:00,-1.4,84,0.00,3
2025-02-15T07:00,-1.7,87,0.00,3
2025-02-15T08:00,-1.8,87,0.00,3
2025-02-15T09:00,-1.6,85,0.00,3
2025-02-15T10:00,-1.5,83,0.00,3
2025-02-15T11:00,-1.2,75,0.00,3
2025-02-15T12:00,-0.8,70,0.00,3
2025-02-15T13:00,-1.1,74,0.00,3
2025-02-15T14:00,-0.8,69,0.00,3
2025-02-15T15:00,-0.7,67,0.00,3
2025-02-15T16:00,-0.8,64,0.00,3
2025-02-15T17:00,-1.0,72,0.00,3
2025-02-15T18:00,-1.1,72,0.00,3
2025-02-15T19:00,-1.3,73,0.00,3
2025-02-15T20:00,-1.7,82,0.00,3
2025-02-15T21:00,-2.0,83,0.00,3
2025-02-15T22:00,-2.1,87,0.00,3
2025-02-15T23:00,-2.2,88,0.00,3
